-3.003957436074213838e+00,7.651749465675230510e+00
-3.549384249747564724e+00,1.656395839699517580e+01
4.041958340253604121e+00,8.501885507125363617e+00
3.924077766759859642e+00,8.347946856308567476e+00
-2.712364932014281749e-01,-2.605660051169544023e+00
4.697522808495625313e+00,1.206782553131897373e+01
1.598609188469577447e-01,1.617364517023701209e+00
-5.504723158802473648e-01,-4.927878544295696273e+00
1.194434795027873975e+00,1.072675515867136653e+01
-5.399892588606736155e-02,-5.368109887813847791e-01
-4.991875715655219814e+00,3.453079471376024401e+01
4.510882512353029838e+00,1.055039927170350289e+01
-2.627538987013435801e-01,-2.528369526622962660e+00
1.133236183402122954e+00,1.034210625197319722e+01
5.471514837524660280e-01,5.501941563271022240e+00
-4.040388396451742636e+00,2.415051602981152712e+01
-5.653040969650380276e-02,-5.618073686705415959e-01
3.587938283410450069e-01,3.640184261968788082e+00
4.963236768835992407e+00,1.494669595036829790e+01
-4.963730471111237108e+00,3.432441678850965161e+01
1.036081695617006915e+00,9.677606149807830960e+00
1.025775646140725250e+00,9.603381369939633316e+00
-3.149129330786829328e+00,9.992381600503302153e+00
-4.271988727688041720e+00,2.729569876282771190e+01
7.798988117430507572e-01,7.640316951541409551e+00
-2.792052232815280810e+00,4.370895120022931124e+00
3.333295020571807044e-01,3.383019320969060217e+00
-2.710555160241664652e+00,3.168973038505492390e+00
4.842395507405180766e+00,1.353318377444826481e+01
4.432311805736686594e+00,1.003504686528378187e+01
-1.700994085705111125e+00,-7.021981500585154023e+00
2.562782895871610123e+00,1.203813572764741302e+01
-4.025297622097626871e+00,2.393396303188855256e+01
-2.495777651133801456e-01,-2.407659225023814908e+00
1.584756096686525950e+00,1.251047752593134810e+01
-2.705326075256296647e+00,3.093202323573434498e+00
-2.643920172656564205e+00,2.216497362412462202e+00
7.572949016956709301e-01,7.443077310423459991e+00
-1.301955587800711633e+00,-7.945706247905885533e+00
4.335590363829311400e+00,9.498870469657235915e+00
-1.969787916469055489e+00,-5.334467755175809955e+00
4.300633934658792512e+00,9.331253908662830554e+00
-2.513250798885887427e+00,4.383883617645594200e-01
-3.680436061724204677e+00,1.867704589553332539e+01
4.858996088937345803e+00,1.371711886124681357e+01
-4.219470822272093358e-01,-3.917336042277236086e+00
-1.828165151088974039e+00,-6.328442742926711162e+00
-3.706453216227726166e+00,1.909077588008589998e+01
-1.571936889026477324e+00,-7.529007912507445610e+00
-1.228274959282786849e+00,-7.910448886565523807e+00
-1.771082011272409051e+00,-6.663366320384048080e+00
-1.276047519683629616e-01,-1.256304390748771205e+00
-1.133222361803959188e+00,-7.773630516084143238e+00
6.022628766800774969e-01,6.027807161234687072e+00
-4.370239023692400693e+00,2.851934416842448883e+01
2.962720844285763100e+00,1.055690976541645654e+01
6.037333183968742745e-01,6.041691639518749213e+00
4.446104278585911729e+00,1.012029096362570080e+01
-2.023986173818859147e+00,-4.894030469335338474e+00
4.429982573027988479e-01,4.482749703805555264e+00
2.031826395174430644e+00,1.308426575337889552e+01
-2.634547507554904300e+00,2.084877700654671706e+00
4.068711929245516501e-02,4.084143853041043437e-01
-4.085559966966606282e+00,2.479071637253741400e+01
3.610094762278677649e+00,8.517281138423733466e+00
4.706480762835262510e+00,1.215113570560374257e+01
-4.739975441436419246e+00,3.246356236255601857e+01
5.605420805164733622e-01,5.630661427446546519e+00
1.743723986415611549e+00,1.289142569550784856e+01
-1.296190953619813513e-01,-1.275763317121822116e+00
2.749977455601804621e+00,1.137919430428034673e+01
2.125534917818364455e+00,1.301828027624745587e+01
-1.224406637514954266e+00,-7.906873943424494122e+00
4.496796582267526432e+00,1.045268114057721931e+01
-3.965417690397955219e+00,2.306203741868267088e+01
3.916500754110007421e+00,8.342473982238386654e+00
7.177543079160040307e-01,7.092118111875307385e+00
-1.483274709550958192e+00,-7.761620410720301066e+00
-2.004382631422258143e+00,-5.057099085151416595e+00
1.745398397552420988e+00,1.289437300275680975e+01
3.919325327165713801e+00,8.344453621825634215e+00
-1.908374288426205823e+00,-5.793703755733481842e+00
1.736002534633541927e+00,1.287754944281750902e+01
4.882624240240289737e-01,4.929320775864010074e+00
-2.056058417731066790e+00,-4.618151080273765530e+00
2.694140750112953064e+00,1.158509136534774697e+01
-3.968475490325538146e-01,-3.707640147711747769e+00
-2.450835937122021413e+00,-3.646093541075146049e-01
-6.123300655142092097e-01,-5.372809259324215603e+00
4.265877034807083135e+00,9.178118825283288373e+00
3.109946288173956574e+00,9.988176749470607518e+00
-7.461060862003350280e-01,-6.231170369639060347e+00
4.891959717550145470e+00,1.409206534930168075e+01
-9.661744779899112956e-01,-7.293678046859517039e+00
1.793215987307804404e+00,1.296928909137963082e+01
-3.535944055585042989e+00,1.634499490602470928e+01
-2.050856582148830043e+00,-4.663658244471119652e+00
-1.651697922865116297e+00,-7.239186475608491378e+00
-2.299152309357629598e+00,-2.176596059709057229e+00
1.550499038524840500e+00,1.240198743962966432e+01
-2.992179776898090893e+00,7.464564055239566898e+00
-3.346744999794820430e+00,1.323786523132513615e+01
-3.987055672474670853e+00,2.337939645646090980e+01
-3.475083033940336019e+00,1.534963304708422704e+01
-3.444894104038223048e-01,-3.258488344610834364e+00
1.409960740218760833e+00,1.185892743488704681e+01
-1.483030638524958089e+00,-7.762130760901497339e+00
4.478424549459354864e+00,1.032873699699179326e+01
-1.119222129625860873e+00,-7.744954478813490084e+00
8.405785327144688068e-01,8.156863713797399384e+00
3.157055324621440562e-01,3.204542100952762596e+00
-3.931502073476613734e+00,2.255960370490295475e+01
-3.750786347355778982e+00,1.979046208997579015e+01
-1.641689783814169523e+00,-7.279735765504903533e+00
4.869211964435802287e+00,1.383194058703679907e+01
2.400466892442340239e+00,1.251342953560403259e+01
-2.572382866375742871e+00,1.227487617171150625e+00
2.658671722311836128e+00,1.171221585861245451e+01
-2.570887359380394699e+00,1.207204791120371823e+00
1.321775095644087905e+00,1.143863049203537940e+01
8.874896836440182568e-02,8.942014875147624720e-01
4.714198822141717926e+00,1.222368691231381632e+01
-3.414027797674119569e+00,1.434636144846866657e+01
4.676183762476583183e+00,1.187324795356508744e+01
2.996411826706201431e+00,1.042519740138952500e+01
1.552696141267207786e+00,1.240922726824686784e+01
1.924993895164855751e+00,1.308485254061336178e+01
4.030322732289537413e+00,8.480783152302617367e+00
-1.392174774025290773e+00,-7.902744806775789499e+00
-4.801066424075148831e-01,-4.388235253811249237e+00
-4.549207983208152228e-01,-4.186958753713119208e+00
-4.980682415274866770e+00,3.444944419465596752e+01
4.175362221658380335e+00,8.841314298827260387e+00
-1.557493816718706903e+00,-7.573328240058657457e+00
-3.554799930590736068e+00,1.665208987945637276e+01
3.149217438361217702e+00,9.841323365169875714e+00
-8.693580331280603701e-01,-6.883364832978591252e+00
-4.424256224881738753e+00,2.916180461754623465e+01
-3.105999067599558572e+00,9.291369499322710723e+00
-8.493993170114597646e-01,-6.787359090032098585e+00
2.935902545073644454e+00,1.066195145116979859e+01
-2.751357752940213341e+00,3.765912820953738471e+00
-1.306334903807729653e+00,-7.945823311252784293e+00
1.029046477179777597e+00,9.627013732350782504e+00
-1.002407958506875474e+00,-7.422873980221703860e+00
1.723636457515349107e+00,1.285434930562986011e+01
9.524509349909386913e-01,9.055550060304096149e+00
-4.635349245308964861e+00,3.145680169653806502e+01
3.608318675887463911e+00,8.520314780037281821e+00
3.230118301281105886e+00,9.549563571935326678e+00
-4.046618911827114751e+00,2.423953835771788334e+01
1.431460755716948974e+00,1.195216483629595317e+01
-2.995390433933921237e+00,7.515544567164397449e+00
-2.858102333178553778e-01,-2.737661598213107172e+00
2.117777138672486181e+00,1.302596726054322929e+01
1.616526350771919418e+00,1.260270308934168959e+01
4.308235012729758395e+00,9.366534716824901352e+00
-2.464441977251107474e+00,-1.922749227464288779e-01
2.416516658754119362e+00,1.247147599042611610e+01
-2.223615533045577575e+00,-2.999278880264494518e+00
-4.452674004881771452e-01,-4.108729176473240763e+00
5.316280256587546660e-02,5.342039226948988029e-01
2.242308635028328112e+00,1.285676449160277812e+01
-2.473974921435524443e+00,-7.061762353113287816e-02
-2.488116046033277406e+00,1.112173212238101172e-01
4.807778368651179690e+00,1.316019403189067560e+01
-1.195393337374476062e+00,-7.874634193007303828e+00
1.168604390271142712e+00,1.056768823837608906e+01
-2.246394654048715633e+00,-2.757040241406695458e+00
-2.846037051481844493e+00,5.187212833320705485e+00
-2.429984323115444766e+00,-6.257024289495873859e-01
-2.264795273682836729e+00,-2.557646135164578283e+00
1.917894111026592796e+00,1.308195700887181978e+01
2.471260123697537558e+00,1.231959256730502972e+01
3.688357736305897916e+00,8.404716265449344803e+00
2.843316531034192352e-01,2.886004505566075018e+00
3.153249209572697609e+00,9.826417657553882634e+00
-2.249529969619455727e+00,-2.723298631930812341e+00
-3.805186394760443847e+00,2.063896264165936145e+01
-4.562389306777934195e-01,-4.197594632028994077e+00
4.075918423258457324e+00,8.571125744377841471e+00
2.509122689956775787e+00,1.220708424695776984e+01
-4.414219160966829314e+00,2.904408824293740565e+01
4.535338978485381034e+00,1.072562416994455248e+01
-1.274372932763991884e-01,-1.254686110137921418e+00
-4.282005302645544909e+00,2.742362679916483614e+01
2.062716075511757730e+00,1.306907510647840809e+01
-1.527243935113127282e+00,-7.658043407580747086e+00
3.856103554068678108e+00,8.317054394187721300e+00
-1.301445521861826826e+00,-7.945678093565447853e+00
-3.336282724202924932e+00,1.306540711739825689e+01
-1.021756981191628277e+00,-7.486275175264538007e+00
5.471304068617532934e-01,5.501738499312978981e+00
2.017403522493340873e+00,1.308909367140615743e+01
7.735796604958320444e-01,7.585431985927877818e+00
4.320848349254566401e+00,9.426508134003066530e+00
4.701401694694125055e+00,1.210378149103478407e+01
3.363434242431399213e+00,9.112425364550169604e+00
-3.579687156660267267e+00,1.705630705273364001e+01
-2.951195338072039931e+00,6.817063467650638309e+00
-4.158071842736918988e+00,2.579216216764793046e+01
4.253061584305708465e-01,4.306882174436062805e+00
-1.018444130573676887e-01,-1.006312160242061271e+00
-3.962523145589751383e+00,2.301939282425702515e+01
-4.619474230005399917e+00,3.129640745326404527e+01
2.085466292245587105e+00,1.305372194023929566e+01
5.325780881538344502e-01,5.361199934039760251e+00
9.196241479603788349e-01,8.799447224561605552e+00
4.801273985686830059e+00,1.309170860556989169e+01
4.718127492965018988e+00,1.226089169205370588e+01
6.220423413633771048e-01,6.213898326690508789e+00
-2.184518810548111922e+00,-3.402976107158727004e+00
2.271115945062507357e+00,1.280433008072004952e+01
-4.699617752113298685e+00,3.208559150570518170e+01
-3.985677666543900877e+00,2.335926139791823886e+01
-1.495157594455954531e+00,-7.735911314463056243e+00
-3.763701643421279996e-01,-3.533816831791854796e+00
-1.029147166482546005e+00,-7.509452336800348959e+00
1.190314811814587870e+00,1.070170859284860398e+01
3.182810771520790283e+00,9.718219929469757545e+00
5.422899854777529782e-01,5.455066251232659980e+00
1.770890405913180032e+00,1.293653165844106567e+01
-3.719921637344966392e+00,1.930407128442734077e+01
-4.675201175746272142e+00,3.185059216646978797e+01
-3.205383699790445018e+00,1.091196257165817940e+01
-3.385134470147441732e-01,-3.206261340371410196e+00
2.562593469907542776e+00,1.203875046204190724e+01
1.594821123727111711e+00,1.254056860115757388e+01
-5.369324926186873626e-01,-4.826728989996825092e+00
2.536564961339110802e+00,1.212201033284419438e+01
1.325497094093304185e-01,1.339188557404533908e+00
-4.035707864922378540e+00,2.408349120988494718e+01
-2.216472545152598173e+00,-3.074179885089915132e+00
3.038787425383704388e+00,1.026047135593077542e+01
2.657881041155139457e+00,1.171501331513909960e+01
4.838683081931316465e-01,4.886197356954670390e+00
-1.910046029335128459e+00,-5.781770312449771687e+00
9.326259609094087466e-01,8.901661821915807238e+00
4.254130201260826638e+00,9.129382264293637306e+00
-3.322093765496296758e+00,1.283153265390382458e+01
-3.871015895030023302e-01,-3.625212917500015841e+00
-1.321084794229550052e+00,-7.944572460273734649e+00
-3.175883440522628831e+00,1.042907629923427137e+01
1.058541148551920941e+00,9.836922988771320320e+00
-2.885920670719432923e+00,5.799582069762406533e+00
1.206500190456418764e+00,1.079939044344772725e+01
-3.234837721212024064e+00,1.139527512519517316e+01
-3.134881454264248912e+00,9.760370242822913767e+00
-1.752811978465524057e+00,-6.762458499836734305e+00
2.693036103331330366e+00,1.158909676674497291e+01
3.152923949460324948e+00,9.827618897224180472e+00
-1.733764919777467384e-01,-1.695032566080402647e+00
-2.234891856191891790e-01,-2.166386335010590969e+00
2.724794891105998040e+00,1.147285159603813653e+01
-1.083417268020685498e+00,-7.661840118082756668e+00
2.829837522290344687e+00,1.107527676433254271e+01
4.082964030504454556e+00,8.586933649825557069e+00
4.221025046252767865e+00,9.000151087213950518e+00
-4.551839580972773192e+00,3.059063962149851079e+01
-1.115546828638475318e+00,-7.737068824959780322e+00
2.555498136859507774e+00,1.206168635965270042e+01
-2.548660176114015741e+00,9.077152727588231329e-01
1.006756269620350253e-01,1.015192036379346074e+00
-3.823729730190301712e+00,2.092544224291512478e+01
1.292251382125383152e+00,1.128447897022542179e+01
-7.130799438051305117e-02,-7.073909523100482266e-01
-1.003521431415586029e+00,-7.426628747420513932e+00
-1.804780148493334568e+00,-6.470273107238786459e+00
-1.651079934223865564e+00,-7.241725068943990706e+00
3.403938425722808248e+00,8.993329074291848357e+00
1.977888544589493591e+00,1.309480322559856091e+01
-4.836550674570516684e+00,3.331524076903088627e+01
1.803547521758784633e+00,1.298313866632162572e+01
2.841899540525965939e+00,1.102866312305963348e+01
3.078521036361589580e+00,1.010758985890903716e+01
-4.711000276886387894e+00,3.219351396633814488e+01
-2.002227607812278265e+00,-5.074766202261046466e+00
3.864273145398122722e-01,3.918141935695208744e+00
1.881326430602015876e+00,1.306110637189238943e+01
2.459274716850630149e+00,1.235396910872257159e+01
-3.745607565803968697e+00,1.970909167357789471e+01
-2.156791785376059867e+00,-3.679869007392331248e+00
4.724340127293118030e+00,1.232010377941396939e+01
3.361875006445876224e+00,9.117151940862502357e+00
-4.182303049133759387e+00,2.611929505696210541e+01
1.947907319157242689e+00,1.309166643073222502e+01
2.973637340733176870e+00,1.051418687735780466e+01
1.153068667557086258e+00,1.046969888042582575e+01
1.641044471627990831e+00,1.266836309370828850e+01
-1.238111120221935479e+00,-7.918768968637937888e+00
2.683678259312223702e+00,1.162291230522840024e+01
2.466846420995889133e+00,1.233232305108902693e+01
2.633928477441322080e+00,1.179895261962306208e+01
2.504761310682882325e+00,1.222033803517872741e+01
-2.812183697296963825e+00,4.673538952801235880e+00
6.672413855139023298e-01,6.633424717953825933e+00
2.905542377120260866e+00,1.078081916355498571e+01
-4.205905596754911713e+00,2.643420028655294374e+01
-3.016176668018113460e+00,7.846447067696459499e+00
-3.024874549894881248e+00,7.985333308159681565e+00
3.521407918541887838e-01,3.573083353515950300e+00
3.486839148153766388e+00,8.773760875553122673e+00
-3.981781013642462508e+00,2.330226834153719295e+01
-3.391710867159039022e+00,1.397888756761718376e+01
-2.056297499149000174e+00,-4.616052467731081244e+00
1.172341369504358966e+00,1.059099991040987376e+01
1.042650491501635912e+00,9.724549336665447186e+00
4.527732836382382331e+00,1.067037020127422053e+01
3.428970817298033325e+00,8.923451999950458458e+00
-3.971271156857572038e-01,-3.709996426410615555e+00
-9.975315659739436569e-02,-9.859273416893579167e-01
-3.310958861013728605e+00,1.264802516753315054e+01
1.878474388975185150e+00,1.305905932235808464e+01
3.105097141177797226e+00,1.000650237034656165e+01
-6.775610054843550500e-01,-5.809857684391057653e+00
4.903000732035639686e+00,1.422053101203190906e+01
-4.720673229978292085e+00,3.228441260223949882e+01
-2.755168323180460455e+00,3.822164263651236737e+00
-4.195923300187299532e+00,2.630147123297972200e+01
7.995640946381135095e-01,7.809825987086561838e+00
2.023688938390705516e+00,1.308716842587300988e+01
-4.168140038885104204e-01,-3.874758992850225070e+00
4.639769325252213861e+00,1.155381587722603953e+01
6.300682494024867353e-01,6.288985038552606710e+00
-1.573750699407987508e+00,-7.523265094556929711e+00
4.419621059167532451e+00,9.958563181079780335e+00
-3.289315423036591746e+00,1.229145682457145128e+01
-4.958338765720036179e-01,-4.511801480048453605e+00
3.095630833447250652e+00,1.004238665244740325e+01
-3.383821973123880333e+00,1.384892571259822347e+01
7.859623907315969049e-01,7.692793255493414861e+00
-4.458277908925846411e+00,2.955511332802961277e+01
-2.738355305163114650e+00,3.574608859044985820e+00
-3.650498400399708743e+00,1.819835808474697458e+01
-2.177697633940327560e+00,-3.471825217380533957e+00
-2.070905077308910158e+00,-4.486656350048972008e+00
-3.818182515254733289e+00,2.083989514473813287e+01
-2.383448203857059244e+00,-1.194927561810207095e+00
1.147791280601104802e-01,1.158446973872591546e+00
-2.941439214174498495e+00,6.663867557699250099e+00
-3.869838002632297602e+00,2.163125704778920522e+01
5.312442512652850723e-01,5.348285438437643258e+00
-4.725914863405228594e+00,3.233335656254300261e+01
1.521440388187855319e+00,1.230260328378714973e+01
6.951970019437272441e-01,6.888666223268584687e+00
-2.720342711525158830e+00,3.311250043104579710e+00
3.930655630500224262e+00,8.353119272058657785e+00
7.259993115434459909e-01,7.165905955763354207e+00
2.059070480482830590e+00,1.307120896486001094e+01
1.165094445116773514e+00,1.054570122851613334e+01
-2.387050318712876873e+00,-1.151543700075386312e+00
7.230517746210249896e-01,7.139563264019510136e+00
3.500256717046031696e+00,8.741560880000552203e+00
1.984478442092162176e+00,1.309462352199134827e+01
1.259706999284212259e+00,1.110686868555105278e+01
-2.041766702263323463e+00,-4.742472721128109470e+00
-4.557094556624275761e+00,3.064677114583928130e+01
2.549976767925760335e+00,1.207941152802380103e+01
3.038617805986008946e+00,1.026112773374865839e+01
1.766292229261280156e+00,1.292930283536549396e+01
1.536926237308521515e+00,1.235640689244259782e+01
1.659137244276051248e+00,1.271374117700846718e+01
1.437762318050498145e+00,1.197880067752756261e+01
2.239790341556649800e+00,1.286112049308446004e+01
1.022988652073947513e+00,9.583189510545363277e+00
2.010708373293809359e+00,1.309083938831005511e+01
1.261004953036484189e+00,1.111410541555175513e+01
1.095583217260267972e+00,1.009225496840581826e+01
-3.795365767425316061e+00,2.048665936428836787e+01
-2.801028054619196794e+00,4.505564990033345651e+00
-4.878324751117134817e+00,3.366069458694006045e+01
-4.994704679229656996e+00,3.455120388888341409e+01
4.414933908911015337e+00,9.930786695811290699e+00
-3.028519210666236194e+00,8.043602160594096162e+00
9.524712341410541683e-01,9.055706398606002239e+00
-2.052378313149929578e+00,-4.650376107680751048e+00
-4.441700226844575106e+00,2.936457046076747801e+01
2.397548661242330681e+00,1.252092709388927538e+01
3.560737104290316424e+00,8.609057612684519967e+00
-2.957914158345991140e+00,6.922781984582702108e+00
1.323562320866919606e+00,1.144774754006601114e+01
-2.803002316400684535e-01,-2.687873533692560990e+00
-1.921471137871034962e+00,-5.699359743782823173e+00
-3.257085995907427201e+00,1.176097676568725348e+01
2.096479683084658596e+00,1.304503938706348798e+01
-1.284910759274130676e+00,-7.943127265553891370e+00
1.384264221991674759e+00,1.174272015356471854e+01
-2.965362460639282549e+00,7.040180431078879586e+00
-3.630561234158049544e+00,1.787813070241984192e+01
-4.932873836851046079e+00,3.409115953609995131e+01
1.814420397463717194e+00,1.299682284779424180e+01
3.734219890336779812e+00,8.358976407551296006e+00
1.114397418950686003e+00,1.021833542914706250e+01
-3.900862951779623167e+00,2.210065524451880492e+01
-2.559578746334956190e+00,1.054369533602480757e+00
-3.289787790668347256e+00,1.229923664549636619e+01
-2.573596559387297589e+00,1.243960489142107662e+00
2.346136988698156678e+00,1.264618502969867819e+01
1.286373903428680521e+00,1.125299664495840091e+01
-2.679530070600027791e+00,2.721927959630331628e+00
3.806297536071538090e+00,8.319632203788508207e+00
-1.520727931954715118e+00,-7.674854954389437545e+00
-2.296916203600339657e+00,-2.201739181285868874e+00
3.089755889144452539e+00,1.006472698350108175e+01
8.427125444469929505e-02,8.488171020930411759e-01
-3.845181970053944909e+00,2.125501230495325444e+01
-3.790950244004136493e-01,-3.557085950514189854e+00
-1.137898075871816239e+00,-7.782725344819789726e+00
-3.393273394808715704e+00,1.400462533279634059e+01
3.919491559793719659e-02,3.933850503423538814e-01
-1.868762785434600282e+00,-6.067080311556851235e+00
1.183888009160075860e+00,1.066239141258518863e+01
1.588121710391265928e+00,1.252062975997413830e+01
1.589703107727054920e+00,1.252536869213292192e+01
-4.494956081356910715e+00,2.996917467941683810e+01
-3.923347861468375886e+00,2.243791980496064653e+01
-4.099602129989676769e-01,-3.817661005575921251e+00
-2.692548268833458991e+00,2.908767633400882957e+00
2.534632341918163334e+00,1.212809453732598364e+01
3.191956496197478899e+00,9.685160735080563299e+00
-5.469899833739031436e-01,-4.901989478052295901e+00
4.149520096692862481e-01,4.203645302193517175e+00
-5.122124904627387565e-01,-4.638708258273545937e+00
4.113025340661122797e-01,4.167205480747689705e+00
-4.858747298235066125e+00,3.350051257264277638e+01
-4.598574236214062694e+00,3.108218591284865084e+01
1.284355489472753575e+00,1.124212456847750374e+01
1.118776338547799121e+00,1.024732690182662154e+01
-7.087191739353357889e-01,-6.006336202079427977e+00
4.854201974208899983e+00,1.366366302488296114e+01
4.580827685327824028e-01,4.632133343293520333e+00
7.121134035206102553e-01,7.041455887355373200e+00
-3.846488420224353000e+00,2.127501757372244029e+01
-1.923247526971543220e+00,-5.686412754688614513e+00
-4.234979231473380068e+00,2.681692978954490059e+01
-3.228999418090354734e+00,1.129939234101924583e+01
4.916211722484083779e+00,1.437613812975476790e+01
4.820860186857414575e+00,1.329946529417278889e+01
-3.305765155163014946e+00,1.256244341319249891e+01
1.251074154801682603e+00,1.105841430928146529e+01
4.124658159633153076e+00,8.690794718066250368e+00
-3.112363580668199070e+00,9.394557946489813460e+00
4.955889608903312649e+00,1.485584265181052110e+01
-3.428706881257646000e+00,1.458788852379070633e+01
-4.418007993551531953e+00,2.908861393900970427e+01
-7.593870126064858894e-01,-6.308101368775538731e+00
-2.989158881747083996e+00,7.416629513055864820e+00
-4.214830182226015687e+00,2.655229666775253605e+01
-2.933996115233270530e+00,6.547246801981640552e+00
-3.921266457430553132e+00,2.240680547540019063e+01
2.619745898862852584e+00,1.184788796260471599e+01
2.795667642665511821e+00,1.120642794334405679e+01
-3.137618359903546761e-01,-2.987943432170636182e+00
2.983128569944989650e+00,1.047707327242886421e+01
-9.363508440918488773e-01,-7.177252095498111828e+00
3.335287955469741661e+00,9.199281752330147555e+00
-2.860655513866512401e+00,5.410788265937076957e+00
-3.925447433126632024e+00,2.246928357274111576e+01
-4.185844003721980400e+00,2.616677549141725123e+01
-3.294830562290234077e+00,1.238229737417621834e+01
-7.763766764885895455e-01,-6.404228642327290721e+00
-1.687632072381796355e+00,-7.083722636817321394e+00
-2.578465180547877544e+00,1.310149053964329013e+00
2.732370967220956182e+00,1.144480509936666834e+01
-3.191294624106477684e-01,-3.035557350351774986e+00
8.546824034335109843e-02,8.609470533254025559e-01
2.911761274904490548e+00,1.075648711590647011e+01
-4.730252863222546900e+00,3.237369660090629964e+01
4.703070704422083637e+00,1.211930819898636358e+01
-4.206136749131950126e-02,-4.187205051957152424e-01
4.867853909295993375e+00,1.381660520003230630e+01
3.003559724982029167e+00,1.039732122523633073e+01
-3.021502627675971553e+00,7.931462275969023423e+00
-7.020637782329908205e-01,-5.965054239850603679e+00
2.570914418525740430e+00,1.201163026074239326e+01
-7.497772272324008114e-01,-6.252591537086272133e+00
5.655060293699367691e-01,5.678228410048291153e+00
5.309925789068969948e-03,5.312720367790404324e-02
-3.504813546471784669e+00,1.583658623762496731e+01
-2.468316101293716258e+00,-1.429244414357198067e-01
4.214963371541694315e+00,8.977777410328666718e+00
-4.933951686873227160e+00,3.409943153865637555e+01
4.853208675510439107e+00,1.365262164053533134e+01
-4.178177843328159113e-01,-3.883097566689070135e+00
2.468487080362118391e+00,1.232760050722345468e+01
2.296735263867327959e+00,1.275375736896086387e+01
-1.531343760943029153e-01,-1.501915600513598514e+00
2.388673447041638198e+00,1.254347887205824108e+01
-1.070964066960715666e+00,-7.629665651910689128e+00
-1.766523570347053873e+00,-6.688459422098567586e+00
3.324828547228559472e+00,9.232362427388750348e+00
-8.195929097874987690e-01,-6.636947897972903299e+00
-5.761782449136187978e-02,-5.725396833898388493e-01
-2.005770745992262682e+00,-5.045691934710872850e+00
-4.092673689896786371e+00,2.489041643108411250e+01
2.104490578694539593e+00,1.303821679266224542e+01
3.211189640212330332e+00,9.616330752701385265e+00
-9.906414137679675491e-03,-9.896438403339503920e-02
5.859257196049503236e-01,5.873018241267569550e+00
1.399711020329118760e+00,1.181319665836122468e+01
-8.381313372051675259e-01,-6.731481437971144288e+00
3.949406202436446023e+00,8.370030455085903043e+00
3.453026203837096020e+00,8.859154558959065895e+00
3.550709394474873548e+00,8.629546031245563853e+00
-4.404415742602061812e+00,2.892837698168310467e+01
-4.824806324441841099e+00,3.321563429013612279e+01
-2.685452991339196682e+00,2.806800344934163860e+00
2.586302967387004159e+00,1.196085786432591647e+01
-3.199228656968794660e+00,1.081110498377141660e+01
9.328715537655805079e-01,8.903582795250123638e+00
-3.089742990222426045e-01,-2.945351549249481948e+00
2.908813432092762774e+00,1.076802232443000484e+01
1.437291414920808919e+00,1.197682109170967379e+01
-5.997431732378899483e-02,-5.957867812456503209e-01
-2.875802466406817359e+00,5.643521925519245919e+00
-1.487733742385155544e+00,-7.752171176573169120e+00
-3.885704537296642336e+00,2.187188674740003336e+01
3.276818936265570414e+00,9.389397027425426145e+00
-4.152658555550625685e+00,2.571855582732569445e+01
-4.672670324641288175e-01,-4.286141219338335695e+00
-9.028903352306860697e-01,-7.035992006026548395e+00
3.305365934416379048e+00,9.295022466422832252e+00
-1.498532368103215884e+00,-7.728301703688925883e+00
3.931192485260986302e+00,8.353558766719233475e+00
-4.095276122380169248e+00,2.492681245122793854e+01
-4.215409909427663138e+00,2.655994936259522632e+01
-2.711743905056820392e+00,3.186221854030400813e+00
8.942754285605332143e-01,8.597284975471691126e+00
8.358679189958726496e-01,8.117462781122489091e+00
3.529907911936440712e+00,8.673953431881656684e+00
-4.110410376982880365e-01,-3.826683956968954803e+00
4.672257219101039638e+00,1.183803923202763997e+01
-3.550496209750605203e+00,1.658205850653407865e+01
-1.465363878005121467e+00,-7.797180165293713827e+00
4.247921999655183356e+00,9.104236748971624493e+00
-2.315374121706483823e+00,-1.992783476568734002e+00
-1.482212840208116056e+00,-7.763835575776202091e+00
1.142188574869896556e+00,1.040004730167048663e+01
1.128058546075205726e-01,1.138392774261393958e+00
-3.088512465132082774e+00,9.008356583872528134e+00
2.275666358884550711e+00,1.279561506627928935e+01
3.897512307513382623e+00,8.331020821726532688e+00
-1.648976918752330434e+00,-7.250329659727476894e+00
1.042440171744445365e+00,9.723050739872403980e+00
-4.910502877386235809e+00,3.391743396085119855e+01
-2.811333176006547419e+00,4.660709283871296904e+00
-3.878891081679803676e+00,2.176870029853203192e+01
2.368159085302128375e-01,2.402167751807901208e+00
3.767975134567318918e+00,8.335458069367994938e+00
-3.058289765420182604e+00,8.521070522781558410e+00
3.162013694973250466e+00,9.794134386335962006e+00
-2.298555480260105810e+00,-2.183311531155747609e+00
7.757982566054071327e-01,7.604724371564224761e+00
-2.732507936815073979e+00,3.488902266449419365e+00
-4.588671247962662569e+00,3.097947100051232638e+01
1.154762577857134431e+00,1.048046695565063757e+01
-3.821408251509428311e-01,-3.583045654898121324e+00
-1.242207138175905889e+00,-7.921907080597462070e+00
1.905188150268806169e+00,1.307584273445786671e+01
-1.934401563698333604e+00,-5.604297711374125690e+00
-6.622661722113498683e-02,-6.573962008470273233e-01
1.541355806465981360e+00,1.237144431395015332e+01
-6.794423640669773334e-01,-5.821951311794787642e+00
-6.807752939304467787e-02,-6.756150179047987203e-01
4.909702646477132504e+00,1.429921274592528135e+01
1.713689653551177194e+00,1.283481331103171996e+01
-3.198450454291305256e+00,1.079835701435575679e+01
-4.425502343772401481e+00,2.917636602595910844e+01
6.955974067957075846e-01,6.892297409637254901e+00
-3.633405501965930817e+00,1.792388203819834303e+01
2.427057927421611971e+00,1.244327038926163986e+01
-8.935448352018529050e-01,-6.994557852297964118e+00
3.528374079993721324e-01,3.580112308628639273e+00
-2.981712879727306031e+00,7.298616547731844761e+00
-2.093726384953120689e+00,-4.279905513387515903e+00
-1.752775652134701545e-01,-1.713092342284924685e+00
4.882504371057033055e+00,1.398319655056041100e+01
-2.466395404749136766e+00,-1.674066885446601205e-01
-1.834674831920511728e+00,-6.287824499104385012e+00
-1.901676677547583516e+00,-5.841192868488057854e+00
-1.912955875445740084e+00,-5.760922680097605664e+00
-1.190195341020792164e+00,-7.867850549763752532e+00
3.498866226991111716e+00,8.744852142924488092e+00
-3.292930119405239608e+00,1.235099323065440302e+01
-1.653018679257902690e-01,-1.618176208111882231e+00
3.356601229239329243e+00,9.133213747129987681e+00
-3.555327287457046292e+00,1.666066862804799698e+01
1.036379709777319746e+00,9.679742057377795916e+00
3.394878926205196379e+00,9.019335644068526392e+00
-3.888526177019813179e+00,2.191455434886558962e+01
3.587074181611672685e+00,8.558176557311259813e+00
2.692062732426304450e+00,1.159262380474402931e+01
-1.595895515733575465e+00,-7.449967821789970301e+00
-9.277338988505423600e-01,-7.141941128169196240e+00
-1.187838015907884959e+00,-7.864673602612681336e+00
2.997369264762999919e+00,1.042146175806417041e+01
-4.957930451291345797e+00,3.428113281552517577e+01
-2.517858968577311174e-01,-2.427943276600070366e+00
4.631291183098429798e+00,1.148172426730610773e+01
-1.755957972249697630e+00,-6.745676636368678203e+00
-1.393872169385446114e-01,-1.369934212685291364e+00
-4.685458002653883902e+00,3.194989052599848023e+01
1.563450314272898822e+00,1.244410706691353496e+01
1.706272692436132665e+00,1.281973754672734778e+01
1.423661588749719265e+00,1.191876429906812795e+01
2.327637952215057204e+00,1.268798107526142616e+01
4.864117214301778347e+00,1.377452290057769169e+01
1.038843111948981601e-01,1.047767546213390188e+00
3.755063762309267972e+00,8.343412952526684023e+00
1.810930986368335383e+00,1.299253060850012531e+01
-1.026371566271596869e+00,-7.500815046290958854e+00
4.942043612842281775e-01,4.987551588846019790e+00
9.077614325615801505e-01,8.705309332582904958e+00
-1.323720482109957075e+00,-7.944081343771616233e+00
4.481868994039665210e+00,1.035167249794686128e+01
2.235351634751927108e+00,1.286870801697767597e+01
-5.895497613092199884e-01,-5.212299527846464109e+00
-1.154851458685470789e-01,-1.138949343548128823e+00
1.056063324948333104e+00,9.819511718010719648e+00
4.907912538535589064e+00,1.427814461545048275e+01
4.445090559534865093e+00,1.011395033722416059e+01
-1.602419314196732447e+00,-7.427252691492078895e+00
3.884112397012874141e+00,8.324863908716606531e+00
-1.076146053979129213e+00,-7.643257545510616424e+00
1.418486565193083138e+00,1.189633687801031492e+01
4.879996737160483988e+00,1.395450143782483821e+01
1.798612955456965423e+00,1.297662689767562583e+01
-2.339733574853420706e+00,-1.712147629993423514e+00
1.754945969521628513e+00,1.291075851093816773e+01
3.712016646194545189e+00,8.379177981566163780e+00
2.807191784088174380e+00,1.116235857146428501e+01
1.082677547606438750e+00,1.000435715228410949e+01
-1.065354427376438373e+00,-7.614625891636882749e+00
1.698420390515478218e+00,1.280330279460960163e+01
2.934278304195325759e-01,2.978452253738445243e+00
-2.231528534815222287e+00,-2.915711305229107708e+00
3.753161043743158842e+00,8.344694991564615805e+00
-2.923428034294546229e+00,6.382050339982508369e+00
-1.751819618388319455e+00,-6.767727807216576963e+00
-3.800215492729008826e+00,2.056192103643498825e+01
4.648310814870960428e+00,1.162731646436542121e+01
8.577402002411620430e-01,8.299380761933331740e+00
2.335644761467498220e+00,1.267010958924368680e+01
1.496487213798678440e-01,1.513302631018377031e+00
4.035560455305706284e+00,8.490118126369916141e+00
-4.075881433511674423e+00,2.465457485067722132e+01
-4.897750040570762131e+00,3.381665316783166730e+01
2.718426110922729677e+00,1.149633791066857391e+01
1.255119829681424548e+00,1.108119150102314876e+01
8.879081824329073669e-01,8.545915272799259554e+00
2.522838664423133537e+00,1.216492101055541042e+01
1.723903310600906735e+00,1.285486266783535925e+01
4.488162076979669735e+00,1.039393584409851989e+01
-4.231824613015834124e+00,2.677568123968881153e+01
2.410176082994209601e+00,1.248819432807050234e+01
3.821754390130037038e+00,8.316618841327889200e+00
-1.776332509013927918e+00,-6.634159764394541803e+00
-1.043757500019246720e-01,-1.030969067489243995e+00
4.518555847782069534e+00,1.060461593489067589e+01
-4.971689147442360124e+00,3.438338952785949232e+01
3.794509577814555001e+00,8.323243496489872939e+00
3.463146758973836725e+00,8.832971554001982639e+00
-3.461716224887172455e+00,1.513031778630965007e+01
1.805770111725863103e+00,1.298601014633654671e+01
-4.170041727069087045e+00,2.595424312796661681e+01
-1.552730475609838123e+00,-7.587396239600353809e+00
-3.950471135395881017e+00,2.284135653149358092e+01
-3.525261664325674005e+00,1.617072225886703407e+01
-4.915859052242153027e-01,-4.478589218186785459e+00
-2.491727741249487593e+00,1.579185453405242967e-01
-4.158486843457158244e+00,2.579779722270961173e+01
-4.038894628798650466e+00,2.412913923762393509e+01
-1.665264508798394161e-01,-1.629847523296688694e+00
4.965741882439463240e+00,1.497781788508260448e+01
-2.156684662200116787e+00,-3.680923455148973567e+00
-1.954872468157724530e+00,-5.449923639819212795e+00
-3.258745652258887571e+00,1.178827521052964222e+01
1.912449928614856631e+00,1.307948394929658598e+01
2.169027842522294414e+00,1.296801063253362152e+01
-1.727937635335549338e+00,-6.891018433253561781e+00
2.443374061380916729e+00,1.239861850325464232e+01
4.909103391496749680e-01,4.955282113049495507e+00
4.262422717774470016e-01,4.316204684286896409e+00
1.550272136928101396e+00,1.240123756062161497e+01
-1.140055394256610732e+00,-7.786839968615415941e+00
-4.204325095858312267e-01,-3.904789851162346448e+00
-8.781142135480823896e-01,-6.924275209652948071e+00
4.006766754213460402e+00,8.442098015223439944e+00
-8.312315497841371581e-02,-8.233651948280573674e-01
4.486291071794148877e+00,1.038132188869368733e+01
-4.977234221209507758e+00,3.442419071464204450e+01
3.291852777819366693e+00,9.339341403539735964e+00
-2.418234966894989846e+00,-7.711924284302442700e-01
-2.592159727364995447e+00,1.497255046008646673e+00
3.884567799541555289e+00,8.325047230188658887e+00
3.643123142266750492e+00,8.464665162200660120e+00
4.704776698018447334e+00,1.213521351103238466e+01
-2.024379341102102714e-01,-1.969599640543811203e+00
4.933855268316710507e+00,1.458716367976837347e+01
-1.414969836005512072e+00,-7.876696359291817551e+00
4.428288694956401983e+00,1.001059850925177663e+01
-3.549778438530343472e+00,1.657037514768090603e+01
2.759009302401934427e+00,1.134531529002116912e+01
-4.765748465543513390e-01,-4.360260206097241742e+00
-2.706502778974613221e-01,-2.600329418689829808e+00
-4.474122975736202434e+00,2.973526329815856428e+01
4.988594166883279613e+00,1.526509942129821695e+01
1.077882360511024373e+00,9.971407648610277619e+00
-3.165778308056002022e+00,1.026398526227798058e+01
-7.203695071544924389e-02,-7.145573082692980860e-01
-1.370069994935934066e+00,-7.922128403662436646e+00
-2.375377342915353296e+00,-1.291714384717765896e+00
8.463572484385988304e-01,8.205033304162711261e+00
-2.355056898793642439e+00,-1.532814224113288937e+00
2.728150554365634584e+00,1.146044325983253032e+01
-4.198858263397227120e+00,2.634056527343815191e+01
-1.183971044017896546e+00,-7.859326442355799358e+00
-1.710878302115057537e-01,-1.673272930732981889e+00
4.351405922602239684e+00,9.579232847451764954e+00
-3.541389776974433801e+00,1.643375627804812922e+01
1.380535945360835903e+00,1.172542976122048053e+01
-3.988123903916749313e-01,-3.724190747854489558e+00
4.271195145845592123e-01,4.324939220105078697e+00
-4.106502933441888104e+00,2.508334459171535258e+01
-3.557861575487812011e+00,1.670188715644908584e+01
2.343000536516433918e+00,1.265339650206274769e+01
-2.927408356786640464e+00,6.444215340949346782e+00
-1.472543229042483581e+00,-7.783386900588306290e+00
3.135065652816003023e+00,9.893906191769547220e+00
3.842273777101215870e+00,8.315682880619714723e+00
6.697686104139393137e-01,6.656636013927975881e+00
2.034164351482669275e+00,1.308334650830936496e+01
-5.246962924158289354e-01,-4.734195561909938732e+00
4.782707615260264333e+00,1.289900549923424933e+01
-2.367245841472829238e+00,-1.388639875514454225e+00
-1.860439509464066887e+00,-6.122223303816115347e+00
1.901339862277986015e+00,1.307375402096776185e+01
1.216011612994215341e+00,1.085589722792013134e+01
1.331000329032228535e+00,1.148542634095650250e+01
-1.554126453796678131e+00,-7.583301574455132865e+00
-1.498136185079449234e+00,-7.729202101724772511e+00
9.728801952342047699e-01,9.211600501033071708e+00
-1.910910281653237508e+00,-5.775588464801102440e+00
-3.289561563000057198e+00,1.229551069658719342e+01
3.514213050402545946e-01,3.565822891957523666e+00
-1.476120401595183651e+00,-7.776284372966813407e+00
1.516729794133901521e+00,1.228585687872977417e+01
-2.186649681139170909e+00,-3.381371167037535486e+00
-1.022889739963650513e-01,-1.010643883648936203e+00
-2.797378099872752877e+00,4.450750145783439748e+00
-4.820862414468347623e-01,-4.403879404266840325e+00
1.365310276056561634e+00,1.165369139896307260e+01
-2.500444873135077017e-02,-2.493932101002370449e-01
1.372976745925504893e+00,1.169003944663893080e+01
4.114068301671158778e+00,8.662731322651834986e+00
4.325895302416295607e+00,9.451005821510417348e+00
-9.496225728563310042e-01,-7.230176007837549434e+00
1.510946622529472094e-01,1.528033727946293663e+00
-5.917861326279041378e-01,-5.228232222347189762e+00
-3.071369967081375663e+00,8.731663607182412079e+00
-2.470745161094970221e+00,-1.119188181916284108e-01
1.307418540609402768e+00,1.136450427703189980e+01
-1.479956063027603186e+00,-7.768498648905109327e+00
-1.789297072940434497e+00,-6.560651324958211461e+00
-3.265447154836414789e+00,1.189852602748743848e+01
2.963458749895607980e+00,1.055402091925422781e+01
-2.483377706844223098e+00,5.010785788704730237e-02
2.776191420645154118e+00,1.128047947368326298e+01
4.556709385882133034e+00,1.088453655979005141e+01
9.096691209391742916e-01,8.720504118176938491e+00
-3.434365030019098874e+00,1.468094051453632964e+01
-2.568824263158588916e+00,1.179251210034835573e+00
-2.133698177038509058e+00,-3.904433320563368781e+00
-1.074799741992615854e+00,-7.639754150673859101e+00
-6.515659286946542395e-01,-5.639784577479596273e+00
-1.359594291302656188e+00,-7.929299683187607251e+00
-3.153249657615253554e+00,1.005955080348883612e+01
-3.258008646064082470e+00,1.177615246209496291e+01
4.065294907294690674e+00,8.548232060187679338e+00
-3.560515296702243759e+00,1.674503411752826665e+01
1.795588341658136855e+00,1.297254238061977993e+01
-4.269537162049448220e+00,2.726428041592063067e+01
-3.665551388085008799e+00,1.843938399018908214e+01
4.485365924540854365e+00,1.037509991752127192e+01
-4.595063729821715626e-01,-4.223911264922974418e+00
1.312182369534733439e-01,1.325638260373172894e+00
4.039845567663299164e+00,8.497955123819359358e+00
-2.480557432846943744e+00,1.382178126238908789e-02
-4.306525614750872144e+00,2.773378159452248681e+01
-3.498706145119676592e+00,1.573665764346312024e+01
-2.367571984364091886e+00,-1.384763752945256776e+00
-3.818219087203429396e+00,2.084045957468090293e+01
3.685398453270229524e+00,8.408196481350469043e+00
3.530474743126790216e+00,8.672709789276662917e+00
3.204696821960585140e+00,9.639458769236501468e+00
2.832757580057511326e+00,1.106400581859586296e+01
3.127692732472777237e+00,9.921456564020964208e+00
-1.953219320791533598e+00,-5.462566008267307538e+00
2.775176083503929192e+00,1.128432417116333042e+01
-4.668876978609660000e+00,3.178894726337270527e+01
-4.285785006060507385e+00,2.747171521177934039e+01
-4.560003496683080471e-01,-4.195670370029850105e+00
2.977886120784431156e+00,1.049756868997713610e+01
-4.477475393113246049e+00,2.977313047892823050e+01
-5.937560225317275453e-01,-5.242235015742647164e+00
1.425651297218928804e+00,1.192733101916433469e+01
2.168891124218896849e+00,1.296818745525406413e+01
-4.581584599449878503e+00,3.090549041900360905e+01
-2.432611560675603801e+00,-5.930083199527960147e-01
3.887340119888897050e+00,8.326202463247280861e+00
-3.232129816624293994e-01,-3.071681445353871887e+00
-3.930484577221621478e+00,2.254443823296154292e+01
4.479809035744859003e+00,1.033793913821745036e+01
4.144791628628878399e+00,8.747346745935018930e+00
1.859043458763030898e+00,1.304347897803028999e+01
-1.380287394829165848e+00,-7.913886623850118873e+00
-1.853555430541478977e+00,-6.167225138751859959e+00
2.306293696228840062e+00,1.273396193432867030e+01
-2.037997661428484264e+00,-4.774888252893171980e+00
3.300145638236623213e+00,9.312066160750225308e+00
1.679407680607328146e+00,1.276148598553307600e+01
-2.389662884800873854e-01,-2.309879276489377631e+00
3.504455403273551539e+00,8.731687429035794423e+00
-5.060645109430970123e-01,-4.591286699082566258e+00
2.575806564784937969e+00,1.199557518078985296e+01
4.787654333556854880e+00,1.294994501592828406e+01
-4.335126132799503651e+00,2.809008280118352729e+01
-1.861509314418613670e+00,-6.115180588034968778e+00
4.354430829790409518e+00,9.594926219769000397e+00
3.190968643628737667e+00,9.688721589928059430e+00
-4.407611563949036082e+00,2.896617739129757751e+01
-9.009218207353955066e-01,-7.027335769793369380e+00
-2.411294216902690746e+00,-8.565801263631964702e-01
4.133407009555142508e+00,8.714852299393401225e+00
-4.053535909618792843e+00,2.433810250445282009e+01
-3.692897322319648179e+00,1.887548109171333266e+01
-9.076196393633377824e-01,-7.056632271616539498e+00
2.368215344443437509e+00,1.259400261923526188e+01
-1.178662887169692475e+00,-7.851712263927435487e+00
4.731315607691838565e+00,1.238713841222865852e+01
4.485391915350485093e+00,1.037527457848552537e+01
2.485741431083007491e+00,1.227725129021297334e+01
-2.080702981338762303e+00,-4.398575833159937609e+00
-4.552992901219610644e+00,3.060297754778804702e+01
-3.817231030694624216e+00,2.082520848976091088e+01
-4.972806026413842062e+00,3.439162657307223014e+01
2.349372533284657116e+00,1.263869271784583859e+01
-1.945309962194654574e-01,-1.895221677534894233e+00
1.759166575186234205e+00,1.291777427848484550e+01
-2.013564036884907260e+00,-4.981253094104246770e+00
-1.299726677055570434e+00,-7.945560923541256315e+00
-1.126386551393196989e+00,-7.759899086759085129e+00
3.343809563079830127e+00,9.172646797004293973e+00
-8.064270800725950039e-01,-6.567865703411000844e+00
-8.121648815496440577e-01,-6.598169788958538007e+00
6.007032109831538236e-01,6.013071535754898278e+00
-2.084429637105649213e+00,-4.364803603998852921e+00
-2.866220176710712941e+00,5.496164108936529402e+00
-1.420049100342061443e+00,-7.870051930437035992e+00
-4.112613460226395290e-01,-3.828522278141413882e+00
-3.125481342901250681e+00,9.607527487985768389e+00
4.999801362189760567e+00,1.540820764355450123e+01
-2.623812684866041245e+00,1.934869712671613229e+00
4.768673649412736637e+00,1.275608401321805196e+01
-2.809565378850762407e+00,4.634055128601648477e+00
-2.896770080921516666e+00,5.967434980775970566e+00
2.636658320939870848e+00,1.178946679030418743e+01
1.058203431621844715e+00,9.834552331316787743e+00
-1.021750344996674720e+00,-7.486254104011401900e+00
4.489716590013570041e+00,1.040444735349791827e+01
7.771697767480496566e-01,7.616638473604537829e+00
1.338369442300630041e+00,1.152233529506635890e+01
4.383106182020590325e+00,9.748874758999436452e+00
1.117347397765666273e+00,1.023788105344830868e+01
4.846316491353690026e+00,1.357633245511076758e+01
8.933500208686941946e-01,8.589833525914700729e+00
-1.510759749247829742e+00,-7.699588439364440262e+00
-3.137748416809563956e+00,9.807022854073116136e+00
-2.202139806294693081e+00,-3.222933027794525174e+00
3.377750352105277187e+00,9.069510364802978231e+00
4.852032243438017645e+00,1.363955975748049276e+01
3.111380862926447222e+00,9.982762823113723982e+00
4.304385360345195366e+00,9.348585626799591708e+00
3.447895325231730368e+00,8.872627479335143619e+00
3.967053564943451960e+00,8.388909398913881432e+00
-2.801443419675769597e+00,4.511807439689796695e+00
1.363408368775528956e+00,1.164460321684544297e+01
-2.538623316428315846e+00,7.737015397967876851e-01
-3.947820788277680570e+00,2.280210230751446687e+01
-4.974658103261213604e+00,3.440526467777338837e+01
2.399946823212298241e+00,1.251476867249849079e+01
2.563129205614341544e+00,1.203701154446787314e+01
3.152552076382788115e+00,9.828992560236875065e+00
4.451252431898662820e+00,1.015267651726415288e+01
8.545403921222982646e-01,8.272931614279354307e+00
3.121882054061924094e-01,3.168879534588689761e+00
2.167452568094404342e+00,1.297004089148575545e+01
3.383969872749808872e+00,9.051141741196394364e+00
-4.011467183692801086e+00,2.373434921273383935e+01
3.715914796512187479e+00,8.375364641516615194e+00
-1.595332335497459120e+00,-7.451904811707485976e+00
-1.089256823445095890e+00,-7.676349186102468636e+00
1.427133081675066251e+00,1.193369055975917625e+01
-4.230942940213985537e+00,2.676414060741527834e+01
3.918184250799727764e-01,3.972218312720160682e+00
-2.190107809579239451e+00,-3.346210946719032187e+00
2.786353510212430606e+00,1.124191175629799844e+01
4.478433933156019009e+00,1.032879929109911643e+01
-3.365131803135881228e-01,-3.188737439708321908e+00
-2.380928904878671926e+00,-1.225201572780329151e+00
-2.426379061762097500e+00,-6.704714835051870381e-01
1.621483876808938795e+00,1.261636657427164110e+01
-4.622414712468123632e+00,3.132626822848767745e+01
3.875467288531787347e+00,8.321727696740484959e+00
1.847566101154452411e+00,1.303293163679967570e+01
2.849892461341127614e+00,1.099769713955977757e+01
1.823522829441300175e+00,1.300757824589680212e+01
-4.552741201458364806e+00,3.060028582112359885e+01
2.625163005886451906e+00,1.182926638007346654e+01
3.005095797609849129e-01,3.050375891637801651e+00
3.734762535931228200e+00,8.358529124907080998e+00
3.557941807245406096e+00,8.614707947805294808e+00
1.756757423616258862e+00,1.291378670799295847e+01
-1.374836628660998095e+00,-7.918436848628361169e+00
-1.441955998173156672e+00,-7.837878498743430455e+00
-2.384192776162636029e+00,-1.185969365976610845e+00
8.970133589315096856e-01,8.619301894927023255e+00
4.291908533286138194e+00,9.291549582000591556e+00
-1.175606198286799575e+00,-7.847183913290503021e+00
-3.699746718748226915e+00,1.898433894367093444e+01
-4.760959198974008544e+00,3.265493948227425136e+01
3.012864330089971787e+00,1.036108239334059888e+01
-8.371440302428148073e-01,-6.726528193182143234e+00
2.302392143562964399e+00,1.274210210482976535e+01
-8.547290911812055469e-01,-6.813369311346927581e+00
4.927260106295353381e+00,1.450785334459719955e+01
3.271953062131951029e+00,9.405761825103029494e+00
-2.711227266198603658e+00,3.178724296798823623e+00
3.664534388812763055e+00,8.434503502200492164e+00
4.188399693468294771e+00,8.884391171282192801e+00
3.724115313748599831e+00,8.367711852149490426e+00
2.374902927178650813e+00,1.257771339500372676e+01
1.416873347638222924e+00,1.188930236617843406e+01
-3.908076004281740623e+00,2.220912104809745458e+01
9.843463439660027348e-01,9.298043026141023404e+00
-2.257917320250004689e+00,-2.632563483676689131e+00
-6.231003891939206341e-01,-5.447302943928093555e+00
-1.178226856228792307e+00,-7.851072723102260120e+00
-8.576195922565776897e-01,-6.827362135622391470e+00
-3.704613874672562979e+00,1.906159910799588175e+01
-1.824353698822545056e+00,-6.351995430656158348e+00
-3.157961191831111236e+00,1.013639696227779652e+01
2.773071469296981562e-01,2.814565939878920453e+00
-1.202414580566872893e+00,-7.883312277677800850e+00
-6.136163970593031536e-01,-5.381753719767107036e+00
3.314217318616393015e+00,9.266350502732578320e+00
-1.903974069275300440e+00,-5.824961177312045990e+00
-3.127179474684105287e+00,9.635124668093240530e+00
1.491892664094125465e+00,1.219463092807036197e+01
2.638854174738512803e+00,1.178182114771125910e+01
2.079347167053834156e+00,1.305819501914822567e+01
-1.718339569826380142e+00,-6.938661390779815363e+00
-3.436550666017585964e+00,1.471687724078926252e+01
1.086229385022866367e+00,1.002866189201224678e+01
3.177734398964819462e+00,9.736657133606660963e+00
1.050805520181259389e+00,9.782429717764003385e+00
-1.462415139128099284e+00,-7.802667020740709170e+00
4.551264224152639315e+00,1.084353138996524279e+01
1.039066250029359928e+00,9.698970353963497715e+00
3.136508124461398594e+00,9.888528287017479101e+00
-1.236405172067672531e+00,-7.917405291806839607e+00
4.889253755661291834e+00,1.406080074319195816e+01
-2.918014670746674533e+00,6.297609987903522111e+00
-2.586005980465443166e+00,1.413008698620061843e+00
-3.890423002866552071e+00,2.194321587658043882e+01
-1.475965257019100640e+00,-7.776595588008166970e+00
-3.624939030657825523e+00,1.778763101514894984e+01
-4.329886706766145288e+00,2.802525474026471386e+01
4.397560415357116170e+00,9.830042823515189099e+00
-3.439275295726427206e+00,1.476167014603780103e+01
-3.696501602812487519e+00,1.893278323882973879e+01
3.175999133839077615e+00,9.742973575958643551e+00
4.988112699329951383e+00,1.525898408183367394e+01
3.127770605660405323e+00,9.921165039821582710e+00
1.346004791119645994e+00,1.156013485376443484e+01
-4.853820131052048126e+00,3.345972261443591123e+01
-3.641062639177371274e+00,1.804694054122438729e+01
-4.064079867740924001e-01,-3.787957082344763471e+00
1.358820396575868727e+00,1.162256390529136851e+01
-2.471797149315530184e+00,-9.847571136474275733e-02
2.769258541986811650e+00,1.130669888246925936e+01
-1.274012094800576200e+00,-7.939711905021608729e+00
3.016550922003430557e+00,1.034674085763267115e+01
-1.643882261293680980e+00,-7.270955228195131070e+00
3.194979587852429859e+00,9.674278790626216207e+00
-3.636193693264369031e-01,-3.424373701963276950e+00
-7.034993531758733099e-01,-5.973990563495082284e+00
-4.489625425706690542e+00,2.990964280341274062e+01
1.021226197346795317e+00,9.570394257464521104e+00
4.532166070917746481e+00,1.070249168479050539e+01
