2.708467533043469544e+00,1.303600267051764128e+01
2.086429952814601307e-01,1.088375158170776347e+00
-3.849150321925169038e+00,2.049201245091722967e+01
3.556420088002726132e+00,6.466943185855489773e+00
-2.154092097079995938e+00,-3.591924095208755219e+00
3.309434648662193723e+00,9.262175669207476147e+00
-2.141920344796510722e+00,-3.702800198960817024e+00
4.899960073104512759e+00,1.783891766778423005e+01
-3.739449135745058772e+00,2.102432540926653104e+01
-6.125612142222891521e-01,-1.501462833900480298e+00
1.184787051760293863e+00,9.327617052164928424e+00
4.669463232677077968e-01,5.024648716564744433e+00
-3.069140843504735372e+00,1.072134189723258757e+01
2.673706406328358653e+00,1.360040608370144710e+01
6.401951865150845578e-01,7.318069044343038065e+00
1.269945683963316974e+00,9.396123089423307206e+00
4.523919036525841264e+00,1.466056961596359720e+01
-1.444701024911197784e+00,-1.179552685930850942e+01
4.304231220935879065e+00,7.299577215153693288e+00
1.021517406776349723e+00,4.058113972080588994e+00
2.054239926348534695e+00,9.743413233335108004e+00
-3.109453944495808919e+00,1.139431487562588607e+01
1.228432406577020686e+00,1.128205883326420178e+01
1.274046490612210647e+00,1.527874960535658744e+01
-4.403310070106096319e+00,2.880576295023647759e+01
-3.970086426725583095e-02,1.359654863291551052e+00
-9.605507767227141613e-01,-3.720488363851170988e+00
5.627607015297266813e-01,3.692562644115607640e+00
1.570859031360889446e+00,1.206903632115284353e+01
2.099134403112641323e+00,1.114168055204038943e+01
3.072236198404809215e+00,1.061749381226693068e+01
3.671555121383892839e+00,8.576207235172260468e+00
-2.841669320561566181e-01,-3.822396180527300125e+00
4.955363862870937552e+00,1.683839448930509519e+01
-4.624729606621693634e-01,-3.630414146460680946e-01
4.649581941655140938e+00,1.131508871131936722e+01
4.691031820211042813e+00,9.043285618799139058e+00
3.305910749627214429e-01,-8.512867217573787393e-01
-1.221100603749043501e-01,-2.053646265189982500e+00
-1.418305972756743749e+00,-6.207338218213565462e+00
3.213701279557680479e+00,1.224942225898139014e+01
4.728167040961016809e+00,1.188570838755164516e+01
2.332555204756836531e-03,2.497576540472772333e+00
2.666751285016908390e+00,1.180060967779905035e+01
-3.875912199960411808e+00,1.818950291198708413e+01
-3.367840978664641050e+00,9.739883501047826186e+00
4.337393078795345858e+00,9.191110522847438347e+00
-4.181909143093540671e+00,2.956910497718896735e+01
3.323566902671366563e+00,1.056876145484717533e+01
-4.974335754868043580e+00,3.615151142430735121e+01
-9.320154849929700447e-01,-8.851635345343842332e+00
-1.689243358133034612e+00,-1.218516518117010605e+01
4.613414693974689840e+00,9.400075267300126214e+00
-1.206018183343169348e+00,-8.288346944649642722e+00
4.886338847464861246e+00,1.390776894162585364e+01
-2.944814301479112828e+00,5.870425991989187686e+00
3.182291562745295010e+00,9.833464498621614425e+00
-8.008501219038866026e-02,-3.432297638402209472e+00
3.490062178485427324e+00,8.267341328896890218e+00
-3.564738146526433837e-01,-3.753030628064550456e+00
2.500150271524207213e+00,1.299610229586966881e+01
-4.511350388513655219e-01,-1.906857417582807468e+00
4.566460529322233342e+00,1.222385749321584214e+01
-1.297086912203508913e+00,-8.065383497408983970e+00
-1.751746933849859467e+00,-6.258259160887380546e+00
-4.219665204566299010e+00,2.684897702260557395e+01
2.424961092701876098e+00,1.254433669583211675e+01
-3.976439233420070440e+00,2.285424431327398054e+01
4.672474200761387308e-01,8.114941054342558857e+00
-1.861656485921879600e+00,-5.566909594735108158e+00
-4.536878451419656955e-01,-2.309108952483862609e-01
4.980467916944562035e+00,1.728201655014652616e+01
-1.722994712450890198e+00,-1.075582178325999472e+01
1.446909225542663435e+00,1.168258954897994251e+01
-1.230537103098283680e-01,-6.394358158715987006e-01
1.111244909915982682e+00,5.118377205414383901e+00
-1.160643782593093754e+00,-1.294839555750652238e+01
-9.658439522398332144e-01,-7.405439045292968814e+00
4.848625781084464847e+00,1.629098124164913841e+01
-9.149093506204621917e-01,-8.977205589806093400e+00
-1.974297415084675045e+00,-7.113427536636353743e+00
1.054921800167605284e+00,9.703313768127861394e+00
3.646229530740214386e+00,6.921218807365287162e+00
-3.113696680715192233e+00,1.076028271492597099e+01
-2.865917787631352631e+00,4.765525460367960875e+00
3.046755004657047294e+00,1.321237305302458331e+01
4.454207690101593897e+00,7.709891063829727997e+00
4.973061487192754981e+00,1.294269210593749975e+01
2.724191735226792588e+00,8.424111284232145280e+00
-4.026006783860111682e+00,2.303769852564575871e+01
-3.224664922106124099e+00,1.132030282454424253e+01
-9.473609415261829980e-01,-6.068277047240339783e+00
-8.871089004958125912e-01,-4.892653461415441996e+00
-2.464045593757876240e+00,-2.885908123362832978e+00
-3.087910896950851747e+00,1.351297644888914107e+01
3.663833732933541754e+00,7.607458464296938949e+00
-2.593452420311609607e+00,-9.955140906497406128e-02
2.860472341505191807e+00,1.404496524728968687e+01
-1.065183718934683554e+00,-6.357454678623593480e+00
6.638620908145433930e-01,8.521429476557985438e+00
4.486123776861672852e+00,1.249395225970685885e+01
-2.366779787341863894e+00,-3.780464858634156489e+00
4.025749156437283816e+00,6.528560812551172710e+00
-1.070044661490369364e+00,-5.191407779933573607e+00
4.355049729738876607e+00,1.240602588430381203e+01
-1.760001577062543454e+00,-3.015035014404384484e+00
-3.559138413869307183e+00,1.766012617523101724e+01
1.843023610918063326e+00,9.686540057506631385e+00
-4.115742434037320763e+00,2.397790218591133993e+01
2.604638690882640439e+00,1.071835342207216968e+01
-4.268636740362761195e+00,2.359170891590528285e+01
-1.832986672821772522e+00,-1.029862436159781680e+01
-2.832165218161049935e+00,5.354855103309261288e+00
-3.712955502859918155e-01,-3.663752609890369438e+00
5.965452021914536829e-01,4.296011552569685144e+00
-2.449054837777437044e+00,-4.542221605229521231e+00
-4.377361344454006264e+00,2.335468617903391930e+01
1.782298479037347505e-02,3.224153394760729263e+00
-7.732112247346343281e-01,-3.953136470175563577e+00
-3.483412588988077374e-02,-1.871602296652200570e+00
-4.961988140760421828e+00,3.531288195132436414e+01
1.568507858661760679e-02,4.034371307450002053e-01
4.312947518879767017e+00,9.808793868193685483e+00
-1.771149024687485252e+00,-8.410743541055822448e+00
-3.102819139116755665e+00,8.842539902198193857e+00
1.906325507453868084e+00,1.625946925444565849e+01
-2.323835303601834212e+00,-2.705194508393641950e+00
-1.966678177404446171e+00,-3.514607405379148730e+00
-4.510484458871535374e+00,2.691413893903993682e+01
-2.778984646408719783e+00,3.984776870539323390e+00
-2.642968966108917073e+00,5.535665155143913552e+00
-1.918946294883971948e+00,-6.911869584297058999e+00
4.073616644558267552e+00,8.864401979707110968e+00
-6.543453310452225224e-01,-4.619685691338563771e+00
-2.173665830718578551e+00,-1.277977848793223625e+00
3.287976918872006493e+00,1.430211854881885358e+01
2.373757457140031057e+00,1.412026166677889627e+01
6.873389345491176528e-01,6.982357666333945723e+00
4.466969625915087505e+00,1.185909550902722565e+01
-8.081327103224129615e-01,-5.743354767582627751e+00
-3.744951407435116231e+00,1.722830498746663963e+01
-4.083144087943232137e+00,2.684769222928882826e+01
-3.114069545343998158e-01,2.717959592634042743e-01
1.571198221103539794e+00,1.239769972474183035e+01
-4.967667208560109238e+00,3.165167185664147809e+01
1.115549279411075290e+00,5.548709307948614722e+00
-1.537611917518377780e-01,-1.501870758461635535e+00
4.039268013947960867e+00,7.413102487955330666e+00
-3.865884730540931624e+00,2.570978996218628154e+01
-6.264042674937684296e-01,-5.770811596431467905e+00
-2.797018507397828202e+00,5.242416915620614404e+00
-4.547731517395985357e+00,2.769941020661638476e+01
3.890361540633346493e+00,6.610323452503446440e+00
-4.190757544026078918e+00,2.419645796203194976e+01
-2.560283551983318695e+00,1.003188139795783584e+00
-2.549822425505587020e+00,-9.261988546775623554e-01
4.656169201133806723e+00,1.066285546815397822e+01
2.526139864250716904e+00,1.186662758132260898e+01
-2.660872546700926655e+00,4.826715384706020018e+00
1.034144699727336913e+00,1.179393588746285459e+01
-1.316840353748211179e+00,-1.408904035962506462e+00
-6.286376999148046707e-02,2.153976440827803707e+00
1.640886530191013826e+00,1.190228302644855418e+01
3.677536480286512699e+00,9.313374883920403136e+00
-1.951021670077897952e+00,-7.815371757329318214e+00
4.427590199118389691e-01,5.426578036711481090e+00
3.229130572489316009e+00,1.084403537247712102e+01
4.336585699971349683e+00,1.230134608130249418e+01
-4.529394036312581306e+00,3.192422253407518795e+01
-5.698450806131276636e-01,-5.214896633988248986e+00
1.205342318644420097e+00,1.210132355475992227e+01
-1.933197024350921112e+00,-8.222352409430609299e+00
9.758031530844659684e-01,9.207648643554538381e+00
1.114512300623973218e+00,1.235918713830717053e+01
3.387163895046040096e+00,7.487357446648161385e+00
-2.195674852023080881e+00,-8.023084803970142787e+00
-3.377132659707942963e+00,1.467508681643817070e+01
-4.790064733852830159e-01,-4.701851054065654623e+00
-3.425624442140543735e+00,1.095423420690023164e+01
-2.625759911882716846e+00,4.151857549565458605e+00
4.453182493359125971e+00,9.345811768778037987e+00
3.410577754650478965e+00,1.106596766882004701e+01
-1.731435884673082626e-01,-1.575208850688995854e+00
-4.047179497133228665e+00,2.347158866237184682e+01
-3.421856734766117736e+00,1.286669753600098431e+01
1.968686204724555466e+00,1.596588620810849335e+01
4.139447491298430037e+00,8.718922813141899653e+00
1.438577759578796744e+00,1.521716691590821924e+01
-2.241655155019607548e+00,-3.429801352523172753e+00
4.678266904370333990e+00,1.025029283628447985e+01
2.651220149847056895e+00,1.315759161475959438e+01
1.449039099542805076e+00,1.292997113035895396e+01
4.564733711918377068e+00,9.871779457584182182e+00
-3.338509806035193428e+00,1.146307189438873664e+01
-1.539007251073605254e+00,-4.643986611274051768e+00
4.533933171310810195e+00,1.476218733214050616e+01
-4.359600428448712428e+00,2.718084813094880658e+01
1.272826565436052881e+00,1.225907608195779730e+01
4.591658351329739318e-01,2.421422456351575825e+00
1.129147873641235478e+00,1.016925693422283850e+01
-4.889010015070185844e+00,3.455735014873604882e+01
-4.002342239656272227e+00,2.432132299450657342e+01
3.327723758666888187e+00,8.922172336331353648e+00
8.444741081294218077e-01,8.655095016002851693e+00
3.559287725392106694e+00,8.997360111404047345e+00
-2.126553991157109635e-02,-2.086965009697272500e+00
2.794370418432212233e+00,1.335393685848173639e+01
-3.167037247615001938e+00,1.129835752091888601e+01
3.545948977554282067e+00,9.770302088444729804e+00
-2.316111501663478123e+00,-3.686026419585637370e-01
3.481304037618391689e+00,1.225782817142073711e+01
-9.833938286777668125e-01,-8.096312115267201293e+00
-1.622216968709072837e+00,-8.273528178461281968e+00
-2.002132058673919968e+00,-4.464786234525524478e+00
3.707313929798877083e+00,8.270444740257534733e+00
9.058059788561312331e-01,9.032234091678386534e+00
-3.473864797235518331e+00,1.359571812664849588e+01
1.567597876142534652e+00,1.632583791620416847e+01
4.177446000244547264e+00,5.250958572762812082e+00
3.267879421918607363e+00,9.539059288048397534e+00
2.643292617929894561e+00,1.518859411891202349e+01
3.405149255966408717e-01,3.515068432341103222e+00
2.806590822610649738e+00,1.099963475712421257e+01
3.432643332109291734e+00,8.501847748355169543e+00
-4.204912702818584869e+00,2.575367175083568227e+01
-1.762554037372155769e+00,-7.322588972102946236e+00
1.360399705673730253e+00,1.223885276746794304e+01
-4.281362168892720810e+00,2.473344387037496617e+01
4.558186849050782641e-01,5.284216104573916439e+00
-2.663655074574146298e+00,-2.315217968538064497e+00
1.100286909788739109e+00,6.429349798130847837e+00
2.068725635391036377e+00,1.572823657390307872e+01
3.304088088827363379e+00,7.566146119814646909e+00
4.414108529336422393e-01,2.156163578756986610e-01
2.604147441507336680e+00,8.040572366637803725e+00
1.243387558908837676e+00,1.031245398205187591e+01
1.636192385104449976e+00,1.607663334759300966e+01
-4.765826360422639851e+00,2.820550807324920228e+01
6.475377545851586092e-01,5.507955469946288041e+00
4.231938720937611365e-01,3.999349869115053302e+00
3.437429353616463956e+00,1.159256946461235138e+01
-7.373613891778738605e-01,-7.077471578193378576e+00
2.744965973089322553e+00,8.858526883971329369e+00
-4.234954627510161274e+00,2.685085241851530213e+01
-2.961105612414157484e+00,9.244001918450981847e+00
2.092038545655388937e+00,1.622827344611399525e+01
1.170598449174927502e+00,9.591078229019529999e+00
3.300912721907698355e-01,1.828147038493199039e+00
1.288967562857422422e+00,8.162431971261916885e+00
-5.608091430076864725e-01,-3.248957355021815818e+00
-4.659010626689088497e+00,3.253684561480805115e+01
4.173438219473219135e+00,1.086380816930504523e+01
4.512868538100278215e+00,8.724497968425632521e+00
2.487532339500501344e+00,1.239971313620456783e+01
-9.938765779572946713e-01,-7.230319995280082068e+00
-4.761186342555571827e+00,2.812455936424330361e+01
1.640277459051766584e-01,1.915891893366877596e+00
1.064852062602939853e+00,1.142836566043232160e+01
4.946200188313627066e+00,1.556448637105644828e+01
1.632293504835368836e+00,1.279366343363964198e+01
-3.728507404088890809e+00,2.115317610236137469e+01
-2.791346017354977782e+00,6.211716023910058837e+00
4.535357426523265900e+00,7.376620181461931658e+00
-1.005032398481437106e+00,-5.585316992644369982e+00
-3.302854388586142775e-01,-3.296544590797517937e+00
-4.729573039885481833e+00,3.235936987151894328e+01
-1.247069856385861542e+00,-8.530959353916550469e+00
-3.341019848142484427e+00,1.093600801362173058e+01
1.346745472158863421e+00,1.197097195330185926e+01
-2.791332837757908081e+00,1.427364978351692404e+00
-3.459228409862081577e+00,1.480859415145795666e+01
-1.454285089637950890e+00,-3.172176225454954590e+00
-7.027283233045080735e-01,-7.837038848632779775e+00
-4.769819818449887450e+00,3.241379855616717265e+01
3.385259237685545486e+00,1.129463820765084847e+01
1.971940354682429231e+00,8.868710579272438110e+00
4.255782003552166515e-02,3.421286827631099481e+00
-1.013060791074108735e+00,-7.849817793572815283e+00
1.913730634957224730e+00,1.423046873229579568e+01
2.309638091526339032e+00,1.236942013486605418e+01
-2.594775863156935092e+00,4.162344014279399929e+00
5.422114901461565495e-01,5.150240238993987418e+00
6.394646944131032740e-02,6.126308155180169024e-01
-3.352637280513153240e+00,1.313957894014052563e+01
4.945941042022761636e+00,1.470911935000511406e+01
-3.736332111289871527e+00,2.089499793342255884e+01
2.761277924371905002e+00,1.212344532953457588e+01
2.358454986283796906e+00,1.465163441767841590e+01
-1.242107228440829658e-01,-9.845792579311257731e-01
4.148062226221732374e+00,6.594920132012839886e+00
-3.343629148706741550e+00,1.304935636228902496e+01
4.680519573178234083e+00,1.146498201532976324e+01
3.041903296525905631e+00,9.921648119862680915e+00
2.126597195650266059e+00,1.408181326488910479e+01
1.577574792237212087e+00,1.298350931230032401e+01
3.615493221041129246e+00,1.090987737562294235e+01
1.445350427114409975e+00,1.292102260405471092e+01
3.218213983597671302e+00,9.816275270897307337e+00
2.479121097617770886e+00,1.077239357228500261e+01
3.162786065613255815e+00,6.008870679461938202e+00
2.985665188709822004e+00,1.054298941500543663e+01
8.442461423538851761e-01,9.860079041298742908e+00
-3.365517430216655725e+00,1.269074555920404457e+01
-1.555964845755192449e+00,-7.092868885986089111e+00
-1.740408132181308964e+00,-3.552583227829407164e+00
-4.607752442102341028e+00,3.238666846161620327e+01
-1.561021541482496833e+00,-9.205008639684383098e+00
8.658674886309469798e-02,-3.863028094008029711e+00
-1.636169218030387729e+00,-1.179880808681493676e+01
-3.235059314383637918e+00,1.148405824601322323e+01
-2.955913294432119809e+00,1.068579189383294192e+01
-1.877208373955222775e+00,-3.665397343860790524e+00
3.301845319762783504e+00,9.143744503480457197e+00
-3.961947941303411991e+00,2.488064068097392578e+01
2.836585635893956514e+00,1.321891737508820697e+01
-1.906087909686418058e-01,-5.254290515012918661e+00
-2.639045145527102676e+00,4.315388673252485319e+00
8.010781254514318661e-01,4.535943017648058628e+00
3.968723285538313661e+00,5.994101475709173954e+00
-4.826514471308662735e-02,-4.846839306456981689e+00
-1.396664402162240748e+00,-8.249432006191192102e+00
4.021126151098906476e+00,2.824996936059009478e+00
1.809954519302984011e+00,1.664884009445864521e+01
-3.394057870458445869e+00,1.016680401843215265e+01
-1.886761482562693271e+00,-3.471862599085738132e+00
4.462051296883650764e+00,9.687075147822852728e+00
4.151746875378028889e+00,1.148443595175658238e+01
2.220257949432230760e+00,1.438630690155012459e+01
5.810918314611139834e-01,6.016331081432594985e+00
-1.286127583238948269e+00,-1.013120948464856852e+01
4.131745659002641347e-01,6.371262151151437791e+00
-5.232925071850669241e-02,8.280723223763063467e-01
-4.065702379920774767e+00,2.323426934071776984e+01
1.512410176877239998e+00,1.126332471433583748e+01
1.916393115476946463e-01,2.369683416902136130e+00
2.800898944554295333e+00,1.326759467350746036e+01
6.130503433930343249e-01,5.878945685425800427e+00
-1.481464386216073681e+00,-1.017760005992135497e+01
1.739240491368283514e+00,1.428067257270461710e+01
2.895216718959722435e+00,1.187448282026626778e+01
2.192518645116354747e+00,1.394213340423366709e+01
-9.716931268248263365e-01,-7.014647734074434204e+00
4.046443979009930914e+00,9.600286852601463750e+00
1.715489708865143292e+00,1.179643160541050939e+01
-2.219952169334558079e-01,1.516722234499197519e+00
-3.345221471670326352e+00,1.308451866675735609e+01
-2.228344598378528829e+00,-3.601090821268796205e+00
-9.497563150386136854e-01,-9.147049132105431468e+00
2.750430152286797991e+00,1.027317402995487328e+01
1.101494123064975739e+00,7.692703369213324649e+00
1.972798969359198296e+00,1.715236493369179271e+01
-3.834125567643302812e+00,2.164063662890586315e+01
3.992507945586957874e+00,1.469147172472063367e+01
4.439912599911544078e-01,3.176989696290976717e+00
3.777605734363310930e+00,6.644376318572344786e+00
-2.642298619892051725e+00,1.325510848055026170e+00
3.733604379652017968e-01,2.825113150841689347e+00
2.313053108453103413e+00,1.219696848016341129e+01
7.761243615898560932e-02,2.392301854031482655e+00
4.022868647573139000e+00,1.299342907969679217e+01
-2.698640237501210848e+00,4.107911342550508493e+00
-4.734440209826935586e+00,3.226677557187578316e+01
2.491970558023929527e+00,1.158302239509442622e+01
3.002440072039933128e+00,7.420360598121398255e+00
-1.344437978508601361e-01,-4.762014692444460628e+00
1.282770133989798111e+00,9.704614839807124582e+00
-3.618888361533778575e+00,1.799977521492879262e+01
-2.586996749649407512e+00,1.541791143398845154e-01
2.551019575781960924e-01,3.900693281285073866e+00
-4.027553419994309714e+00,2.246719010560810403e+01
4.683670931354685152e+00,1.333371248366591288e+01
4.933553892239126881e+00,1.392229210468959266e+01
-1.883433611196456692e+00,-7.209735463766442365e+00
3.293116560523948522e+00,1.043871853494425750e+01
-5.581595237405370113e-01,-2.620189310058302024e+00
3.898448051245207324e+00,8.235701977976656707e+00
-3.072724143740289904e+00,7.629762101800352525e+00
3.658415704354730735e+00,8.742246820865744894e+00
-8.232006731701630997e-01,-5.071052644111025742e+00
1.899645976500482725e+00,1.570207396457571747e+01
-2.193889441487128167e+00,-3.711887190513630586e+00
1.673508668403917987e+00,1.357859605957331794e+01
7.041923352908954215e-01,9.298012844567688617e+00
7.246697358865370475e-01,6.449937182105403011e+00
-3.794051814042428639e+00,1.850338537446216236e+01
-3.674389337033738823e+00,1.973732435055043055e+01
-2.941599852127083636e+00,3.900088293887998159e+00
3.732984178429612498e-01,1.948398493956279509e+00
1.908141372813105363e+00,1.172819165193964608e+01
1.502455579413307873e+00,1.259728760883911747e+01
-3.501182664776031572e+00,1.635171733213435274e+01
-1.745371677833256197e+00,-6.328294676527959517e+00
-4.566614126616435954e+00,2.713107776628170598e+01
-3.074321149275104581e+00,8.636175320283729917e+00
3.963881856427898143e+00,9.439421235925697928e+00
-6.710111428149154733e-01,-5.360267994974338812e+00
-6.449547650558837830e-01,-6.918603014403629459e+00
-3.481208467641125903e+00,1.602029618469027383e+01
3.029053545540762116e+00,1.024285155256251656e+01
-3.673292833827113135e+00,2.188347149747758635e+01
-4.061804471550237494e+00,2.542619608457033920e+01
-4.935067604358659210e+00,3.078585855050146947e+01
2.310936752676219008e+00,1.330222618529901979e+01
-3.225106774194798298e+00,6.893689850800345909e+00
1.018638323128624457e+00,9.294625125958852152e+00
2.255051759784593379e+00,1.140138177791613039e+01
9.305123169399021066e-01,4.630624116823933711e+00
-6.303864865604378309e-01,-4.178576712098859502e+00
-1.020342097658497593e+00,-8.212867159522446059e+00
3.983120300316766560e+00,7.440677383529544997e+00
1.396119681237251164e+00,1.561960344669812173e+01
-5.149406718768014812e-01,-1.906107598003887738e+00
-1.244986565752594920e+00,-1.158243142561990524e+01
4.015963792415290001e+00,7.144165392853532914e+00
1.797721401865036484e+00,1.228496083516990467e+01
1.203807253985137216e+00,1.177414181070331267e+01
1.383266835227284552e+00,1.170716087082111834e+01
3.156246175006121035e+00,1.276242552477303072e+01
2.329222804259028834e+00,1.511182185559215796e+01
4.601649464836924608e+00,1.035958943298129320e+01
4.514076088056992120e+00,1.116164660493253358e+01
3.281461295392439581e+00,8.640041967621840513e+00
3.740056080252784909e-02,-2.631618286480087998e-01
-3.893057334186803331e+00,2.011670456263392381e+01
1.382822890847064556e+00,1.069873946242175577e+01
-2.872982463573638956e+00,5.931860042616576401e+00
1.278169513435689630e+00,1.406718523508211760e+01
-3.535290565314217481e+00,1.560218841429064263e+01
1.726653411478775269e+00,1.337785031301297778e+01
2.022600704027230023e+00,1.111677019143409062e+01
1.706041856072203267e+00,1.509201369482837052e+01
-2.752831269306741380e+00,-9.517912508342716293e-01
-3.715426618470973885e+00,2.202567416239171649e+01
-4.798696447763040496e+00,3.141131337818567459e+01
-3.848226706797834851e+00,2.356993696852074294e+01
-3.771876034287101831e+00,2.459226014307243702e+01
3.194434774166936108e+00,5.685955114686934486e+00
-4.171236533648503553e-02,3.432270092633069591e+00
3.597849006507543024e+00,8.200857280443505815e+00
-3.612650537260138961e+00,2.066259420611330455e+01
1.790819094377919640e+00,1.281557391084845143e+01
-4.057950638247209696e-01,-5.392240882745422681e-01
-3.752289457720949795e+00,1.765794409405455312e+01
-4.933809501514958562e+00,3.354335739463495969e+01
-2.553775623088841762e+00,-6.553338826976973230e-01
4.506909747277369149e+00,8.683233225430353031e+00
-4.247626294460865815e+00,2.756383442759579694e+01
1.416534274548698846e+00,1.119638753545546095e+01
-7.533015247445229434e-01,-4.898631054999827761e+00
4.860119275979526421e+00,1.194948086466885684e+01
-3.269212496931696244e+00,9.392693957040712860e+00
2.409230965493181387e+00,1.264370264019203738e+01
3.030034237372072781e+00,1.100778819373104334e+01
4.756389069504971090e+00,1.267286994591398219e+01
4.432347188583175779e+00,1.258684300348533114e+01
-1.761604574148698532e+00,-4.407729512336267419e+00
3.329347137027269810e-01,2.627261949585638412e+00
3.984478202254077672e+00,6.417711678482560522e+00
-1.264467631431366534e+00,-6.318390512344379317e+00
4.434332528712708665e+00,1.040021950014515362e+01
-1.406509638544869212e+00,-1.050120976325059452e+01
1.395009481858656031e+00,1.367350953867474672e+01
3.592465912137072337e+00,8.845984378951238014e+00
-7.245362522283214091e-01,-7.405964982793214801e+00
-1.534181998007675407e+00,-6.034601404533318281e+00
1.790922253166479017e+00,1.522799223900839038e+01
1.829625477965367786e+00,1.119171537884148648e+01
4.487759559544109322e+00,1.052845183484658165e+01
1.171151566253475274e+00,7.655202470048120489e+00
-2.673971948672536847e+00,-1.583402901757830605e+00
-2.985369827214592320e+00,9.019888303543204700e+00
-4.180549943366285603e+00,2.433000727905046290e+01
-2.024262899664631910e+00,-6.467794611819011052e+00
3.768324279533848298e+00,8.143745301368227274e+00
-3.051738990001363838e+00,8.448312159342588501e+00
-1.554101698350423000e+00,-1.126430368025678419e+01
-1.755600189677334555e+00,-6.608380607875313117e+00
-3.110308760209399281e-01,-6.098023187236332632e+00
-1.482027077677586568e+00,-4.298362274493706892e+00
-4.314530036351942321e+00,2.588892810313848614e+01
4.973537019214727906e+00,1.566477980198406783e+01
-1.478104811899610738e+00,-8.427341693729529126e+00
-1.702175924975659616e+00,-8.403276030909506034e+00
-3.347575487752150192e+00,1.234688617207612360e+01
-1.974798419026091434e+00,-3.269263791730904867e+00
4.273352044340338551e+00,1.163838485025782887e+01
-1.363477098646548313e+00,-6.220041172319030309e+00
-1.110196828157437032e+00,-3.663866643825250513e+00
3.388790599778783275e+00,9.832693425453307157e+00
-1.845875900632230060e+00,-7.893242166239935464e+00
2.524946296258043787e-01,4.674999574672183300e+00
1.415324636133737712e+00,1.212530930059222634e+01
-2.893245245027078472e+00,8.443835724212576110e+00
-3.901994648096358542e+00,2.104874438029682793e+01
-4.402540765528595301e-01,-7.029188192669415081e+00
-1.477645606479268459e+00,-4.020133632317188344e+00
-5.968379353600772319e-01,-3.154499831393211107e+00
2.740097199171436237e+00,1.047884629188352079e+01
-1.046515954195968767e+00,-4.802786666273384242e+00
1.980574426487500261e+00,1.103570399965000703e+01
7.449815692151329216e-01,9.913378071976410411e+00
4.221556471296569413e+00,9.257514368550541661e+00
-3.551684763506306464e+00,1.915863790722107041e+01
2.168992650615283679e+00,8.893873990206992985e+00
-1.118579513566886341e+00,-7.425499267942882398e+00
-1.726931674379762249e+00,-5.344885419173937890e+00
-5.210693180933612112e-01,-2.440108765949569491e+00
3.830011710516568968e+00,1.307934655320844541e+01
1.124228125783350407e+00,5.191821115066174386e+00
-2.049335881365681455e+00,-3.736667905968003467e+00
-1.863532817490283211e+00,-7.810088629883222389e+00
-2.305983258162918048e-01,-2.702065406784774027e+00
-1.768687079631077186e+00,-6.633938152548757294e+00
3.202708879271492393e+00,1.135439605518950401e+01
-2.440169729826935363e+00,-2.563521589580920246e+00
4.671070679168472850e+00,8.371679388282153411e+00
-1.865449976256621234e+00,-5.966085067824128174e+00
3.355420009318317298e+00,8.569767788358079841e+00
-7.820477466100577146e-01,-4.372111430574729951e+00
-2.024244336193123939e+00,-6.852133979365425454e+00
-2.633567561446078287e+00,2.510327212416104459e+00
2.064234466317564909e-01,1.930602519238351356e-01
2.482840343812019235e+00,1.523281331758689738e+01
-1.175999633614902784e+00,-8.062827298305641932e+00
-1.762609090235054410e+00,-1.867151153394433827e+00
-2.687512614405549449e+00,5.938241355624791495e+00
-4.698801966109479089e+00,3.026511414219347529e+01
-6.794890854410606806e-01,-8.953757886158717483e+00
-2.362403364248404358e+00,-3.565082195829060829e+00
7.204329554312600692e-01,8.156720278697033422e+00
-4.945065655879254507e+00,3.614631206578872735e+01
-1.726513162767757681e+00,-6.556135134788632968e+00
6.120473252118596719e-02,1.531652078952435159e-01
-2.157245086155886504e+00,-1.190732177628588406e+00
-3.575022156402579476e+00,1.837361695530261585e+01
5.019899414087314327e-01,3.753326971733085937e+00
-1.658789747740547771e+00,-8.927975882443181632e+00
3.777294349097545023e+00,1.123704582828940701e+01
-1.742190858184342606e+00,-8.087925421750517430e+00
-4.551617527948293329e+00,2.827511176229043599e+01
-2.375440051986505097e+00,-1.361953266022995379e+00
-4.243533812834828112e+00,2.914267694168822942e+01
2.475849843762359725e+00,1.051645946910224616e+01
-1.840577738338634362e+00,-1.083312816461485717e+01
-2.958622404060574418e+00,6.565256264054542434e+00
6.831863338665220553e-01,1.015642354573607342e+01
-4.782980462199256877e+00,3.129730150853432846e+01
-3.237717867996530163e+00,9.951406820729927105e+00
1.129500452666850840e+00,1.038151565795344666e+01
-4.833068480443106552e+00,3.832306977725981767e+01
3.037453929702744304e+00,4.186938478009746945e+00
1.067915355774712083e+00,1.210055571536770813e+01
2.335773601112149933e+00,1.651396806040874310e+01
3.853295824633393707e+00,8.650617816050132802e+00
-1.277574445648432810e+00,-7.201939517962712145e+00
4.539916827264702803e+00,8.873674818768757078e+00
-2.309970627479609462e-01,1.271814773280173227e-01
3.031118518648359128e-01,1.003878681504905224e+00
-2.352916798211071026e+00,2.559011753715276782e-01
1.537142417058987576e-01,1.430669928608999442e+00
2.706147078122742577e+00,9.824203980723000385e+00
1.286667538452796578e+00,1.097212500430786442e+01
2.055812646580118752e+00,1.411522620938251649e+01
2.616829247912829004e+00,1.056802856441407457e+01
-4.687034904590330342e-01,-4.592296392738481003e+00
7.418739542276284737e-01,8.227229374619838609e+00
-1.114126982734865656e+00,-9.560206917855150976e+00
2.499938956415707736e+00,1.235216092896521900e+01
-7.797334166865130811e-01,-1.103975838470109849e+01
4.870923903688051837e+00,1.604053809272490838e+01
2.460396787996933732e+00,1.628044715938501241e+01
-1.479791443330640277e+00,-9.056548006612997526e+00
-3.511590827669529347e+00,1.972399848109915510e+01
-1.947456719686986304e-01,-6.688804559545372008e+00
1.719048769839359281e+00,1.405546055660074067e+01
3.077422035506382159e+00,7.343226442702018630e+00
1.630506561858561909e+00,1.022616757150227151e+01
-6.113023855480328450e-01,-5.700299842571832087e+00
-2.511202556855565149e+00,2.909638295532769314e-01
-7.141691756502517308e-01,-7.968801721026658846e+00
4.193554471449926879e+00,1.162124852277100828e+01
1.130886706802924913e+00,1.409638153517597736e+01
-2.403245922866499296e+00,2.937182416810036667e+00
-2.690839196229450891e-01,-2.335109688247959170e+00
3.185874963746979205e+00,5.966391263786698929e+00
2.901123849449172454e+00,1.011251059544792241e+01
-2.778107257435902255e+00,4.696474613306804713e+00
2.767076385924994497e+00,1.324159987239593228e+01
-1.211049290585535232e-01,-3.272076396168449364e+00
-1.664019099782121369e+00,-1.101928107494687481e+01
-4.061613925178093609e-01,-5.174858315395360009e+00
8.539672971808780488e-01,8.670520134693386893e+00
2.470535796754102620e+00,9.437666185176475153e+00
3.723267645729510633e+00,9.456526836367707745e+00
1.768311922482372012e+00,1.368861118618691464e+01
-4.780352675394894391e+00,3.089617322775293928e+01
2.259860527729658841e+00,1.353407233666101561e+01
1.810737486441741595e+00,1.367021795923363214e+01
4.837922541315053948e+00,1.384560704177416923e+01
-4.437223695032082915e+00,2.847024324782077187e+01
1.127951172020120296e+00,1.299502473955433679e+01
-4.741624846988066189e+00,3.661864100454593540e+01
-3.586563708186334409e+00,1.520597199478534733e+01
4.639037420160763148e-01,4.184306218568623947e+00
-2.419980332409379375e+00,-3.367527259472152146e+00
3.554193101365243024e+00,6.827506237131871103e+00
1.571661233383807144e+00,1.323462463974954950e+01
-9.494521162185032281e-01,-6.516881623799885226e+00
4.088650553928427911e-01,5.100869788109280378e+00
1.647615045694772462e-01,-2.689460208466366353e+00
-3.220153833010248601e+00,1.232744283030982935e+01
1.377179702126708705e+00,1.269477389420394076e+01
-1.024945352858108727e+00,-8.047645091493629721e+00
4.750968890226204167e+00,1.305907011886769098e+01
-4.804367519628728544e+00,3.103211548866191549e+01
2.514013428428270025e+00,1.092587363877931139e+01
-1.852447638124783413e+00,-6.879441254943911233e+00
3.274325688352723418e+00,9.168451581070348411e+00
-2.250043651167469072e+00,-3.011930898212857866e+00
3.892196635624964429e+00,1.122108120034674705e+01
3.127115867538687866e-02,3.197938923139933554e+00
-2.421384159854007567e+00,-1.696027078141797428e+00
-3.596828121302908521e+00,1.845077599811936153e+01
2.496996329136852211e+00,1.070679674151636895e+01
8.064422356741305364e-01,5.830599650399278744e+00
-7.432373389355220183e-01,-7.873446782617768314e+00
1.981827137624500246e+00,1.274467699885687821e+01
9.721019361020220018e-01,7.050880932107819632e+00
1.888340483061257125e+00,1.031312255495721431e+01
1.625275465691411014e+00,8.756572378822877312e+00
-3.324223181383212378e+00,1.220744461286443538e+01
2.245073667296240139e+00,1.469369650398007110e+01
3.130705038553291075e+00,6.614933912594676890e+00
2.712133609987990468e+00,1.599093342673468854e+01
3.504808077540008782e+00,3.488839137063347806e+00
4.763247383990096395e+00,1.548952927345759356e+01
9.458077025421829376e-02,1.630401685605879614e+00
7.640075375777684030e-01,6.341989307908454165e+00
-2.804755804168891586e+00,7.493373290572412415e+00
1.646252150569912587e+00,1.051358493989095066e+01
-4.751758364478622099e-01,-5.022838696479249521e+00
1.077151547856383118e+00,8.214976131248286961e+00
-2.628975927903978160e+00,4.421348768420182651e+00
-4.466880203756430134e+00,3.059244601605423242e+01
-3.978299402414191555e+00,2.417685338376692528e+01
-4.965242098291265727e+00,3.097254146167441036e+01
-3.002982950358581427e+00,7.175052660908625590e+00
-3.071632944210105354e+00,1.118259653086708916e+01
4.070572218021371924e+00,8.668000582425467115e+00
-4.630156720975310058e+00,2.704035163361565353e+01
-4.040904183932878979e+00,2.450588825077892707e+01
2.074864078921912380e+00,1.226905053032692017e+01
2.737633821087984920e+00,1.428151680178042149e+01
2.679104312774179597e+00,9.121684395963987058e+00
-3.985777965690330049e+00,2.419837971561610246e+01
-3.026447701717069894e+00,1.261335210767195747e+01
-1.552353738326713639e+00,-6.721535765800044970e+00
-4.300118428017007055e+00,2.788933344140687609e+01
-4.675480410920237695e+00,3.290368727398585236e+01
3.490630193552453520e+00,9.653799704083155575e+00
-2.977396606934039625e+00,9.433140725628529566e+00
2.842121559215366133e+00,1.492205164052431954e+01
7.667929921006031435e-01,7.081579710573314479e+00
-2.197496073467479771e+00,-1.401108091875247652e+00
3.373572627483151010e+00,1.247373132161780518e+01
4.566332991236739858e+00,9.511201218299431659e+00
-4.320229819124604909e+00,2.514833117872402468e+01
2.914152577450384030e-01,-7.673264784119981918e-01
-2.063108951057321949e+00,-6.793662047997454323e+00
-1.871928870803438727e-01,-1.863203660646556070e+00
3.253225820522988698e+00,9.784702078735676878e+00
2.758621290155641503e+00,1.145232468718245400e+01
5.809091884456023536e-01,3.722546976914978156e+00
-2.643881904463788679e+00,-2.021979048748060670e+00
2.837698382516911977e+00,9.911669156283815951e+00
-5.725896826738985368e-01,-1.906197345778269270e+00
1.482066294742584667e+00,1.150950203197043642e+01
-3.037778643425647296e+00,5.305551495576461107e+00
-3.304883245827079374e+00,1.225998240107890780e+01
1.844146120093754782e+00,1.046335688683820209e+01
-1.272796456618930705e+00,-9.536646871956980576e+00
-1.778170011221832603e+00,-5.084277217525351666e+00
4.157149167066787498e+00,8.601316659319614644e+00
-1.090713796207639419e+00,-5.464874064933201936e+00
-2.564865880078365024e+00,4.650071830681984153e+00
-4.693165887425784888e+00,3.092692673920624813e+01
2.510727052595978392e+00,1.516029349371106605e+01
-4.976186078740357566e+00,3.545219588692013701e+01
-2.194463014407869395e+00,-1.733396360679692716e+00
3.771583195474487837e+00,1.503501217944354451e+01
-4.714884072653637404e+00,3.070175639792163480e+01
-1.281211530696252154e+00,-8.055490730981370362e+00
-1.455593270106524173e+00,-8.341196873756489438e+00
-1.454626795398668015e+00,-5.259263262820267570e+00
1.704090560039404956e+00,1.451978077551361856e+01
3.288700917858003336e+00,1.216656136145976674e+01
2.409011162813603946e+00,1.422272332342605416e+01
2.036718196069341680e+00,1.512067879763169742e+01
1.316741676728840460e+00,1.058542125176078130e+01
3.514271066495489038e-02,-1.482444480262480546e+00
4.263783263819970415e+00,8.652090775449710947e+00
1.254490370787682885e+00,1.032325923560994241e+01
2.647006134491562079e+00,1.065730163328558255e+01
2.418588825740645376e+00,1.088158676600657238e+01
-3.210857535015678721e-01,-5.309530775222524035e-01
-1.032918703868038968e+00,-8.107872473774245137e+00
-2.093778646508360985e+00,-4.792264263585962247e+00
-4.770892224726214437e+00,3.102039046944488732e+01
-1.912564621168548751e+00,-4.634475685115630128e+00
2.522300725502014451e+00,1.588995350003485640e+01
4.967133540098869204e+00,1.464645598912665569e+01
-4.718801823346759683e+00,3.087524621684451276e+01
-6.474866854205867384e-01,-6.692155984772381494e+00
-5.649471385628963560e-01,-3.209735374809695507e+00
-2.085504027394611271e+00,-6.378320334388488888e+00
-1.170382859309206935e+00,-4.644724596037595354e+00
-1.810576047291213797e+00,-5.545246454472543718e+00
-4.065219698254731284e+00,2.499284589343667662e+01
-1.771696478969040367e+00,-4.463083595401947434e+00
1.782908737505721319e+00,1.042378532260361368e+01
-2.020684387997910836e+00,-7.885675114714375766e+00
1.531483442373985149e+00,7.183917027076076600e+00
2.439009815978198326e+00,1.057207667395153727e+01
4.236589029105353177e+00,1.125099003810229448e+01
-3.021173730435223526e+00,5.184632975568762348e+00
1.514770908753913403e+00,9.437586554489522328e+00
-1.745083120025388013e-01,4.883180251907703884e-02
-4.712046496708395260e+00,3.566957200320902643e+01
-3.966667786271838025e-01,-7.338131848858622241e+00
-2.863353805749816239e+00,5.365501807264926981e+00
3.280137470099553809e+00,1.133729114511908520e+01
4.645867713044662395e+00,1.281135261911825651e+01
-2.191236970271695839e+00,-7.894368864870713765e+00
2.591812524940049656e+00,1.383921521955311640e+01
5.822246764408891551e-01,7.916447726402550344e+00
3.644707182609217000e-01,6.698243834520878792e+00
-3.290081129711181163e+00,1.133719653297724683e+01
9.920593733919709223e-01,8.631790595391072074e+00
4.645213771207162168e+00,1.018105639683241925e+01
-4.397424702749775705e+00,2.629753790667514934e+01
2.944969908880140430e+00,8.671996271360594477e+00
-2.782489162134851313e+00,2.475452498936490997e+00
-1.022773322165898335e+00,-7.083373656166439325e+00
2.910651914652214955e+00,7.816455094546220117e+00
-1.077809903341715447e+00,-6.604550347762062401e+00
1.079232186411999805e+00,8.936223106418843543e+00
2.154073558819061596e+00,1.443758715105797030e+01
2.696552000396017945e+00,1.084933018341810929e+01
2.807485529898481325e+00,5.905729922899606521e+00
-4.187267379275252388e+00,2.085513891953038978e+01
4.945643089059553077e+00,1.774217729323407511e+01
-4.415163121930502754e+00,2.831820236659511991e+01
2.181624427958148260e+00,1.771534815184831402e+01
3.012490310929486270e+00,1.168289302715459144e+01
-1.919477798987090367e-01,-2.542770799786796765e+00
-2.670034547757941468e+00,1.410474397312282857e+00
-3.839068692885479805e+00,2.147807565787672246e+01
1.161903132764132707e+00,1.133219175865789552e+01
-4.950408631344171972e+00,3.161435533170670809e+01
3.025545906796372364e+00,1.576552966258011423e+01
2.341793546897305234e+00,1.234154191303753123e+01
-1.546040651607992977e+00,-8.980341211424800463e+00
3.063535760944219533e+00,6.751530605184205669e+00
2.857095385673154908e+00,1.039777891810088484e+01
4.789259794545573712e+00,1.074603043793662138e+01
3.508695823275044035e+00,8.669888013256175086e+00
8.251305624478080247e-01,8.766155490929072869e+00
-3.614180535978301023e+00,1.858392647281716492e+01
-1.175238318658458070e+00,-6.700246608537155701e+00
2.895851598534608939e-01,4.812803047032476300e+00
-1.512719007420230355e+00,-8.895402288755086317e+00
5.042529837078966182e-01,5.618441187260101444e+00
2.809391926530446781e+00,8.836293118919934741e+00
-6.923298610175177004e-01,-6.407258235701277727e+00
-4.590731438319562763e+00,3.610420557725490909e+01
1.644307228545237365e+00,1.447292457462561899e+01
-1.672894938804645459e+00,-3.668450444789828069e+00
-3.367775324382282776e+00,1.095910672060481517e+01
-1.032780053606376924e-01,3.119297931045241778e-01
3.470794402665724476e-01,-2.152224417474841722e-01
7.746932682465264008e-01,9.892533289763031590e+00
-3.255587469564689140e+00,1.457696175453376597e+01
3.887674351164859488e+00,6.448395287204064630e+00
-3.518868428472987642e+00,1.764125029632714003e+01
2.026213884413311739e+00,1.030368279926317499e+01
-2.176303201390148434e+00,-5.898735583806747229e+00
-9.101576702015092835e-01,-5.904018518767609969e+00
1.258037255176671643e+00,8.995890170737675717e+00
5.866997534806239756e-01,3.543664192675534341e+00
1.982979731451587568e+00,1.049707697500710601e+01
-3.562941700409680834e-01,-1.056353514541632954e+00
9.959810669878574885e-01,1.295024462571696411e+01
5.105166770962386025e-01,6.250112344152505273e+00
-3.834225067048150137e+00,2.299689044869235488e+01
-9.734471365036831969e-01,-1.083808268647402073e+01
-4.401703566658632383e-01,-5.800400733509114559e+00
-1.374680428147224909e+00,-8.866291160542370875e+00
-2.227138964136620380e+00,-4.709178615449946648e+00
4.453956022636178957e+00,1.144509506839425583e+01
1.665782581230721426e+00,1.471357130586902784e+01
1.009038053316161587e+00,9.611113234375883607e+00
-3.154849914039119518e+00,8.030229194792319447e+00
-4.087106294879108148e-01,-4.275538505319522287e+00
1.174553630911749025e+00,1.259802271218103265e+01
-1.174961041754809532e+00,-6.514310698885807049e+00
4.907816515122782164e+00,1.633847331812573600e+01
4.391518516014453866e+00,7.215826736894126014e+00
1.239919785660309692e+00,1.298080797687065591e+01
3.771463351293844468e+00,5.712220269214324908e+00
2.994379283697020000e+00,1.052129805305758126e+01
-3.957387039504804971e+00,2.505667123605263669e+01
3.396495087735477370e+00,7.183475743962932647e+00
-1.152022729531258172e+00,-1.081724988784081809e+01
3.680620394327235090e+00,9.648532154707742947e+00
-1.132295317381154298e+00,-8.328574949128087823e+00
-3.384668712139236035e-01,-3.653310303170613782e+00
-2.365411305313224410e+00,4.395367538024996357e+00
-1.008801863171725266e+00,-7.622764115205510116e+00
1.239078958148340348e+00,9.094876445979338087e+00
-5.779023228800941325e-01,-5.942672680081345860e+00
-2.719288737846245141e+00,4.498790566826651016e+00
-4.295057888679795433e+00,2.745865300910899975e+01
-2.802802141545370773e-01,-1.624947465985424833e+00
6.101979410905933321e-02,4.409916728841142941e+00
4.959664184135199605e+00,1.531583071833327736e+01
-3.362090193418047157e+00,1.378888879636320119e+01
4.636835529945416923e+00,1.122577100415080409e+01
-3.499934434917265413e+00,1.510364897697423814e+01
3.143474455129611655e+00,8.755831398642998309e+00
-3.123801632320245325e+00,1.111596042552366370e+01
1.563395426654956566e-03,-2.561555372696051158e+00
-4.269560143788901030e+00,2.887952972673914331e+01
4.888469861255279270e+00,8.948211651442836256e+00
-4.435633105018689015e+00,2.882723954365741648e+01
4.669152270866492316e-01,4.251457862832717538e+00
-6.428790397977515170e-01,-2.557332539730528875e+00
2.238617486947092061e-01,6.549287266563386112e+00
2.613749051947744206e+00,1.090763513122228723e+01
-8.973022571492474952e-01,-6.549481715984357244e+00
-2.012655654585802090e+00,-9.282830134849554327e+00
4.204475351408373029e+00,5.997082112750042882e+00
-3.204082499817552332e+00,1.205492170047719114e+01
4.152525161568341616e+00,4.696316603216710739e+00
-2.599875714767897250e+00,4.110740083601318595e-01
2.669587307051255465e+00,1.246552666453123415e+01
-3.653203511808636783e+00,1.645817088135462214e+01
-4.163020367174079084e+00,3.013107502331072496e+01
-4.756167415039785240e+00,3.440178263351190679e+01
-1.107825841326213201e+00,-1.218713133979891339e+01
-2.339752768119080173e+00,-4.614797849909568761e-01
7.490496856511397183e-01,8.471998409106939576e+00
-2.108279150108771649e+00,-7.680402336063801627e+00
-2.195221248824200444e+00,-3.987705944215283793e+00
7.948706226830193344e-02,1.980079474011609442e+00
1.084151463669801529e+00,1.385649827319220506e+01
8.113516466171555308e-01,9.946180188135301137e+00
-7.544069030161910661e-01,-5.770934611248744517e+00
2.015283422714166939e+00,1.319723538212986824e+01
-3.943706268174249630e-01,-2.637912476862660505e+00
3.996495387714682934e+00,8.052958089611532699e+00
8.220773023593874740e-01,5.791424570548079132e+00
-1.739350181614720547e+00,-8.836545368748206286e+00
1.393385148488489378e+00,1.408880559213067585e+01
3.288568612489729759e+00,1.100167523592599217e+01
4.729995386761117970e+00,1.662273553494870981e+01
-9.042672630770507425e-01,-8.110036341282532035e+00
4.468712114927825496e+00,1.061988120529042234e+01
4.237399710072144998e-01,7.410767610585925702e+00
-3.721810639262429277e+00,1.979255319724196838e+01
3.257677540613865830e-01,-3.392444638771574539e-01
1.831510390312671710e+00,1.149797756410227834e+01
4.800132501512539562e+00,1.523181016958778677e+01
-2.457914032995958120e+00,-3.665611742535419104e+00
2.696403676069984101e+00,1.022162652104253766e+01
3.200503054108805756e+00,7.706132215162290855e+00
-4.834909013805900102e+00,2.873055708595545710e+01
-4.342283785490136161e+00,2.264152531444202765e+01
-9.905441890825432694e-01,-4.836618353504157142e+00
-9.628380746429687775e-02,-2.265816690142927747e+00
6.447971829937548804e-01,5.159787210274742186e+00
-2.331843419496786307e+00,-2.805223580529425664e+00
2.332144813585721010e+00,1.132162249161083700e+01
2.886788609886269619e+00,1.459098162470086635e+01
-4.995504850763319737e+00,3.387384377766301213e+01
-1.835269515775290738e+00,-6.475601982692938741e+00
3.904203487506746839e+00,8.040217996264104272e+00
-8.618847723746068112e-01,-1.281293384068083085e+01
-1.078891936591579448e+00,-8.512322370087566981e+00
1.358694092256395258e+00,9.983229024140491958e+00
-4.697734800367995511e+00,3.188299975347966964e+01
2.228891480904256817e+00,1.644846575165882285e+01
2.056684121594671844e+00,1.293032090414442692e+01
7.073689394433069211e-01,7.998647213397928724e+00
-1.136625884478147164e+00,-5.327545941155550580e+00
4.406596618950288757e+00,7.084479306843164181e+00
1.771297521049223000e+00,8.675634191263377204e+00
-3.081541502061944104e+00,8.882484085704476229e+00
-4.584895043826264782e-01,-7.186180314847653960e+00
-4.979129559978412445e+00,3.646930964276073439e+01
-1.754278209750190776e+00,-8.638159225186210932e+00
4.616613491628637433e+00,1.418526776952365864e+01
2.664146218006147038e-01,6.096884081594581062e+00
-2.839803323191461004e+00,6.663612768246641060e+00
1.786509143918455500e+00,1.361510208189433868e+01
-1.457512932313384191e+00,-9.680584054210203959e+00
-1.905913363496278823e+00,-9.313117893493750188e+00
-1.794689531846499264e+00,-7.653187368271526125e+00
3.087732077318804613e+00,1.254831950174163957e+01
-3.349777479019343751e+00,1.235453944367159096e+01
-2.999268391406920919e+00,6.275459631294602048e-01
3.954660583559103770e+00,7.571250203925290911e+00
-3.578566450342455241e+00,1.447375015808538379e+01
-4.635288945335446442e+00,3.306404354094495091e+01
4.646094148193135709e+00,1.881650308077490052e+01
1.306783944522726948e+00,1.199933876097204788e+01
3.097791027031304267e+00,1.254901221311744131e+01
2.561902694911912803e-01,3.740576391431124748e+00
9.602905756833290951e-01,7.458954225036425356e+00
-3.995661520438880121e+00,2.487058859795449095e+01
-1.263682472311002947e+00,-9.691525198184111289e+00
2.228670554686552840e+00,1.282721035299468504e+01
2.398008293683037806e+00,1.086101890294543892e+01
4.751933629143509918e-01,5.399227782602995518e+00
-2.631306055331164018e-01,-3.030601376080385378e+00
-2.665872148765977556e-01,-5.668143808536951767e+00
-2.149150521841042050e+00,-5.031721401684046135e+00
2.273352788192383400e+00,1.015055492045470231e+01
4.366176664551533193e-01,6.110842392703566439e+00
-4.971691936905074272e+00,3.537130957519347163e+01
-3.696822855380865747e+00,1.592978148267787475e+01
-2.447186900870828019e+00,2.231016318480946836e+00
-7.040611889576409155e-01,-7.524641171522688410e+00
2.662688922401380331e+00,1.302130890663118379e+01
1.144608135479688649e+00,1.668409830080199185e+01
9.143701885012696096e-01,6.185372779291297363e+00
4.571017848464572708e+00,1.590900493550019945e+01
2.020519654317840974e+00,1.178766403649116512e+01
-3.316756969525536114e+00,1.311221613226597249e+01
1.072158140815842486e+00,9.642802029830120247e+00
1.089590091602177679e+00,1.102231187967040427e+01
-4.031320069342063661e+00,2.508143596139301934e+01
3.349313319938481470e+00,8.692831217621685980e+00
-1.055489733000714025e-01,2.473692382406907697e+00
-3.993983127598927929e+00,2.452906342923264660e+01
1.625136266096402160e+00,1.635697543174897106e+01
-4.739046428454085635e+00,3.257135566716356578e+01
-3.368319053746926528e-02,7.169766589865429474e-01
5.951740108937659812e-01,9.494492877588058377e+00
7.528628297635453492e-01,1.068731839626177305e+01
4.235290244615759647e+00,9.137074326322384366e+00
4.246559033715367804e+00,4.851115762419554223e+00
4.679841488411899064e+00,6.963858262455994819e+00
3.740269195686884984e-01,4.480548194462308231e+00
4.132912488712497279e+00,7.851965891465291669e+00
3.182801988379717173e+00,1.367856782439365304e+01
-1.628797042466627598e+00,-2.635330737831496961e+00
4.770021627168368639e+00,1.080469320130984912e+01
1.023077060619199230e+00,1.145702008005461003e+01
2.113558703688280360e+00,1.311045453240130776e+01
-1.636733663886238421e+00,-1.225946435694387304e+01
-2.558314688807905579e+00,1.637663393734587247e+00
3.393198384982436977e+00,7.335662615898840500e+00
2.928499729142789221e+00,1.313405068470966697e+01
-1.891454991384170725e+00,-2.149873286203972444e+00
9.390791058143168613e-01,8.653254798759098421e+00
-3.481243048339079937e+00,1.807215305907577019e+01
4.002751146840918040e+00,9.613787719634174778e+00
4.661884529756523676e-01,6.654972016242330923e+00
1.253382458012235467e+00,1.147597241675845581e+01
9.235164479841007079e-01,1.220098061881536111e+01
1.396170964794078984e+00,1.405257416250024960e+01
-6.027512654434508121e-01,-6.580932527106782892e+00
2.922565548022850734e+00,1.297574932007732684e+01
-4.101366992734405414e-01,-1.079599285640931772e+00
-1.349842677457608886e-01,-5.087346787169465534e-01
-2.624292730872506141e+00,1.512219073329890140e+00
-2.067315656386194078e+00,-4.729797469477031058e+00
-4.922322284363914946e+00,3.142313832653911021e+01
-3.588598337551669459e-01,-5.305536771549198782e+00
-4.701757081198678634e+00,3.199451450443273615e+01
4.972946641372736565e+00,1.268677942980838580e+01
-1.564644286024790887e+00,-7.808131604032692685e+00
8.609565311496218953e-01,7.879513255282135198e+00
-1.000137749171516877e+00,-7.500819168774206958e+00
-4.194483489518939123e+00,2.603114324417038361e+01
-3.949939171630203472e+00,2.301806212858297229e+01
3.298097287141295908e+00,6.210702549092732561e+00
4.649432838499821585e+00,7.971729865114779656e+00
4.471449773491745106e+00,1.456068107048109006e+01
-3.119186501278758961e+00,1.090798162763236334e+01
-1.914608728495923451e+00,-6.945894735014154442e+00
-2.986989958629612474e+00,9.470830349645060764e+00
4.478331424950010131e+00,8.925547406726018096e+00
4.502137973465528020e+00,1.283279770471513892e+01
2.899462071963285759e+00,1.133277536950559217e+01
-3.866498411444415417e+00,2.180810098328912261e+01
-2.362058494433249223e+00,-3.857246938066040354e+00
1.964873544161380714e+00,9.436532073658721487e+00
4.055698990981191798e+00,8.125565662871157002e+00
-1.275994272158920140e-01,-1.899882080278743057e-01
