3.535284225555749060e+00,-7.660800481736707468e+00,5.126516769865263257e+01
4.925604285787500203e+00,-5.973795104672974254e+00,1.224971287787147212e+01
2.434621961196823392e-01,3.256516005510336598e+00,1.244404374344634157e+01
-1.451304007357778758e+00,-3.422577805979742926e+00,-4.254681646634822734e+00
3.461620689371422088e+00,-6.778436512835741112e+00,3.846579206960360153e+01
-4.298908258097141832e+00,9.526162155283671495e+00,1.023926436989528810e+02
-3.647228112066195571e+00,3.941554262412608978e+00,2.856253089000011869e+01
2.210941111772861234e+00,-4.051716364156909833e-02,-6.241749100161069208e+00
-1.151873744419058543e+00,4.310108389514834215e+00,-2.145969816274959641e-01
-3.485371418249412212e+00,5.186270841735797887e+00,3.068728172532712861e+01
2.791795361266382614e+00,-6.130344208567290565e+00,4.863861373034903579e+01
-1.946776991592755746e+00,6.902195398798319559e+00,3.329867521269518704e+01
-1.782375516986075326e+00,1.172341618593282675e+00,-2.160098219480946113e+01
-1.459333186158834117e+00,3.893095540835433965e+00,1.195400270728835679e+01
-3.237526672737729427e+00,-1.757439232774819615e+00,1.200290303611226683e+00
4.228745642682774530e+00,9.194637249966213233e+00,7.781123855400359446e+01
-2.056442376639017411e+00,9.974640041893493958e+00,8.983442401482483319e+01
-1.374855708311478963e+00,-3.733630893563244513e-02,-1.415749138163351617e+01
-3.317657343040361084e+00,-5.906831846316489276e-01,-7.458752990066212618e+00
3.184634952238596384e-02,-9.120072219483013498e+00,8.712517655413060425e+01
3.005405895442553543e+00,9.667013389652787225e+00,9.039522803827111375e+01
2.666373218279094459e+00,-2.130262316743635864e+00,-4.929459060160665373e+00
-4.178536436631100415e+00,9.200941948113445790e+00,9.905156291262960622e+01
3.381821389031408387e+00,5.721185257804751956e+00,2.985786133786838548e+01
-1.078498520291714335e+00,-6.417332314606174037e+00,3.842857494667453722e+01
1.171039265757139347e+00,-9.698713808995194086e-01,2.991376318441262505e+00
-2.475164192350146841e+00,-1.969945100770438273e+00,4.660483849246825017e+00
-2.409033758334252262e+00,-9.226255779648109723e+00,7.328692611292815684e+01
6.019743543856286294e-01,1.583055219923597434e+00,-8.747363771154432754e-01
-2.275995820540851255e+00,-2.372914752515549175e+00,-2.016264856393052085e+01
3.284563511891361642e+00,4.520649688914746278e+00,1.170383247120334680e+01
-4.936612452640969373e+00,-9.995073393799540185e+00,1.021909202424314316e+02
4.465502320178618589e+00,3.455689151925493974e-01,-1.485127568951895682e+00
-3.009279862475500167e+00,-2.133166582989631799e+00,2.228902488353721623e+00
-1.696136633987004316e+00,4.354300484893272483e+00,5.958819228713078786e+00
-1.611741848364037999e+00,7.741479725949140800e+00,4.514719057890101794e+01
-1.890464417708038525e+00,4.411968053182933502e+00,3.001576039097822246e+01
-4.730577254942557097e+00,9.202979868581714129e+00,8.581663157782924145e+01
2.124425376322053083e+00,-4.262131629578629344e-01,2.272961055448333312e+01
-3.079831186126069653e+00,3.989596816965052639e+00,1.340400981082852283e+01
3.297276825768292952e+00,-5.880846713458875996e+00,3.733736993430737527e+01
2.161442820762765393e+00,-5.049683593415985605e+00,3.847435333785599454e+01
-1.188164526159027012e+00,6.340115396133708003e+00,3.439976952007761923e+01
3.182968117710036182e+00,-9.504280196139824000e+00,9.593028076071509247e+01
-3.021503247448542595e-01,-9.603354100868660481e+00,1.069775541774544649e+02
2.154854981206682396e+00,5.604495179907058144e+00,3.526209292575372700e+01
2.422660609984184532e+00,6.058637637599982639e+00,4.338615321076639475e+01
1.374035477779397496e+00,6.160846035592825842e+00,4.078293406025024836e+01
-3.175165015055712026e+00,-5.227678923567189884e+00,1.074354471056932425e+01
2.314036194958131176e+00,-3.364689980846302220e+00,1.508391746460867822e+01
-5.427723631160086271e-01,-3.460205427776212872e+00,1.865326269845468232e+01
3.945114330063514529e+00,1.666301798064719009e+00,2.184630010824530899e+00
4.012044301960690618e+00,5.890545598149898865e-02,-1.262853022019289995e+01
-3.229077552020896746e+00,-5.496630151379394036e+00,3.125666121286339205e+01
-3.217759676522526036e+00,-2.021943101766854767e+00,1.217403795993520177e+01
2.250775635264958829e+00,2.015737151474702671e+00,1.376739639596633324e+01
-4.757904977189156170e+00,1.287581286212951426e+00,1.859679267980962436e+01
-1.924334783951955341e+00,3.058557880928793438e+00,-3.737282009707967312e+00
4.609025051058139866e-01,-5.352806969910339774e+00,4.061080053182155325e+01
-1.020882656060897453e+00,-6.600300318428447000e+00,2.960097613030729136e+01
-4.861953804179942829e+00,5.269178862838842292e+00,3.414653614286521588e+01
-4.401289582923110011e+00,-4.392864835304688853e+00,3.669068186933995435e+01
2.627950730474724494e+00,4.853697082852747258e+00,1.872253277819510231e+01
1.924668518475639800e+00,-2.089241950649798341e+00,7.895113207358525287e+00
-4.142022482059685373e+00,-9.055540051680228686e+00,8.568395386277154557e+01
4.248163167430460518e+00,5.146388055181102317e+00,1.869356996588710018e+01
5.415604366193900177e-01,-4.458336025304292960e+00,4.366756302824475711e+01
2.615142638743482628e+00,-5.790609345655290952e-01,1.233549198366478095e+01
-3.952337181229824914e+00,-2.628372986509901921e+00,1.294191120257653793e+01
2.217291650825109706e+00,-1.039337963906143969e+00,4.504837330451678667e+00
8.436609321305788001e-01,-9.535834596542160924e+00,9.897537037064903132e+01
-3.220992237145274828e-01,6.625995918959233677e+00,3.738695042680046754e+01
-4.548953625184712024e+00,1.001895723655428228e+00,4.362628288463093362e+00
4.220697414320587981e+00,-5.395721971416531204e+00,1.832522610098370563e+01
1.917069140050173814e-01,5.317555810250450321e+00,2.505882780147767264e+01
-2.145845830243091612e+00,1.432242656110226164e+00,6.044105480522784291e+00
-7.599582648451095324e-01,-1.765877685766403360e+00,6.896919871699157767e+00
3.080236083393439017e+00,-5.930801434189643118e-01,-2.212610190189214787e-01
-3.908088877297122288e+00,-5.242165244344477060e+00,2.436746542441848362e+01
4.737156692012439052e+00,-3.847412183547405107e+00,-3.554181545240473028e+00
3.820642255927387154e+00,-7.221252784074446041e+00,3.711040438010080322e+01
-1.651998956144158370e+00,8.826745652828279276e+00,6.532163872670969340e+01
1.996697181167967905e+00,5.094209445798165703e+00,3.115924164538002117e+01
3.002763633442054214e+00,1.794379799006852849e+00,-3.913525321813947855e+00
-2.131505637779109730e+00,-8.396444953395061361e-01,-1.843450113292230697e+01
2.979449870187790061e+00,3.361994949309588421e+00,4.193685626094797669e+00
-3.099650368971294867e+00,9.027981861475531389e-02,-6.207153440285010149e+00
-2.834021893991118812e+00,-2.267442237555035156e+00,-6.041774252021387070e+00
-3.700224778430860617e+00,7.513612974019533652e+00,6.309251003847943196e+01
-8.787555025248252605e-01,-1.953583287037261584e+00,-9.550719193780064842e+00
-8.885155723668471950e-01,1.205449333071157980e+00,-3.683705556233195733e+00
-4.058143749098198860e+00,-7.083957466357409416e+00,5.982831099786164231e+01
4.040162848960122233e+00,1.623533198153337409e+00,4.112588840143686753e+00
2.530974412080933433e+00,-5.036477890235051547e+00,3.610028876300771827e+01
4.464346401238294959e+00,9.231190433843107002e+00,8.639012746685106947e+01
-3.646242776083593817e+00,1.628587397304482209e+00,-2.395158439251831695e+00
-2.992597570304460497e+00,9.826612321896170954e+00,1.016691244481150278e+02
-3.783914973579354246e+00,-7.574364146665326203e+00,7.634423959467375198e+01
-2.928744904471191290e+00,-6.912247018362207562e+00,4.784399819780647789e+01
4.985745447814135645e+00,8.703465358380896078e+00,5.785506456174176293e+01
-3.280090450062488117e+00,4.743944300306566220e+00,2.582309055664739716e+01
1.402263480972974818e+00,-4.962617828082624527e+00,3.625520095289957112e+01
4.399577227531827006e+00,-3.321639858011704582e+00,5.298028669811778890e+00
1.398662173230232675e+00,7.839150840398936282e+00,7.515637421174024269e+01
-6.430422202043848401e-01,2.036821969997575366e-01,-1.432028071119910351e+01
2.789511961436814680e+00,-7.762714821843943014e+00,7.048366662692134810e+01
-2.836005658801354912e-02,1.382390151440226589e+00,3.663134105751849390e+00
-3.182962122938634231e+00,-5.315946738649460102e+00,3.019447371792366397e+01
-2.282786337170787938e+00,2.862542614595497525e+00,-3.772963741479629096e-02
-4.160628152070433572e-01,8.950809264565563694e+00,7.821721050343904835e+01
1.306228639798225011e+00,-3.524987156806565380e+00,1.870097726179687214e+01
1.266949349362497479e+00,5.935270253394978823e+00,5.031513270795048953e+01
1.798980897696241144e+00,-8.313098238494696091e+00,7.749887207887380214e+01
1.916227731741752649e+00,-3.033087608299577909e+00,1.444435355254909581e+01
-4.766158978237870159e+00,5.492572273058245358e+00,4.726232280699274213e+01
8.361947951182191474e-01,7.191320083291827814e+00,5.170235889261134332e+01
-2.985924533985324647e+00,3.985797377484958659e+00,2.137919970374833412e+01
-1.141551498459767444e-01,-8.639995836969813325e+00,6.930842289801292111e+01
4.615988416582723630e-01,-8.554179872524308337e+00,8.019076088939112879e+01
-4.445990086042033163e+00,-2.891525316051614780e+00,2.246286801750440887e+01
4.358225833718876174e-02,7.795394672273889825e+00,5.209375712686226478e+01
-3.548859201803141517e+00,-5.161890142015197469e+00,2.309423877823750715e+01
4.688662961206366830e+00,3.898316857127387181e+00,1.666890553964802901e+00
3.730476304622516892e+00,4.992119386968694172e+00,1.583543693304063105e+01
4.138155768547425950e+00,8.384273032659649516e+00,6.465735152851114265e+01
1.727917564025627684e+00,-3.370470826494889494e+00,1.833957076405175357e+01
1.564664865749369582e+00,-2.579391244109958237e+00,9.082926269256942575e+00
1.891988943782857646e+00,-2.755955044375777874e+00,2.441322020594891384e+01
-1.881379104624316678e+00,3.935696218297959348e+00,8.104671432780801155e-01
8.453878134909338371e-01,-7.534210990932843188e+00,7.136012860416015258e+01
2.172620536777415623e+00,-8.619570171644832968e+00,8.421733208715745889e+01
-3.856073747252323436e+00,-3.927815562705683661e+00,1.160552032159365332e+01
2.047099479507629383e+00,-3.616491901076379634e-01,4.368978741493046769e+00
2.188150157958594022e+00,-3.590887453423228237e+00,3.258292212762640361e+01
1.591382732949392143e+00,8.899958488766230857e-01,8.933400878108782805e+00
-4.501859396058729423e+00,2.806547083196448966e+00,2.361578473328057015e+01
-2.521715235145015832e+00,-3.643026571777836509e+00,-2.479796125459834855e+00
-2.315230660263036810e-01,-7.792189711479906578e-01,-7.642274062893257280e+00
-3.391168783570996048e+00,-7.539291411394797748e+00,5.793541313216378086e+01
-2.067190374428695687e+00,-8.732013050623351091e+00,5.006894155422418180e+01
2.290087386579071627e+00,4.611509874072316606e+00,3.202002709061962804e+01
2.608096129863355372e+00,-2.928949598496770612e+00,1.176285509970199605e+01
-4.181703880350645441e+00,-8.616233334139932865e+00,7.617761699627072858e+01
-4.929332950488624299e+00,1.993122255577633339e+00,7.583343634772970354e+00
-3.297246523971057997e-01,5.922327026329847754e+00,3.434743593434018294e+01
-1.991684142965448601e+00,-9.975178361143830941e+00,8.348376908996884538e+01
2.043917677709886860e+00,7.959283658589466626e+00,6.717800376270385243e+01
1.011370116273733188e+00,-2.508550546549825455e+00,6.414187568465250067e+00
7.690948497201377521e-01,9.115136200365437702e+00,9.428594953345739782e+01
-2.256796823905103722e+00,-1.018073141212163080e+00,-2.508895589391071468e+01
2.853842754005636806e+00,1.670965500663648129e+00,6.733938154371656992e+00
1.537816709041096352e+00,-6.366914565809487669e+00,5.812017463532066586e+01
-4.653175433488899060e+00,-1.135677515465163268e+00,-1.656095440353423598e+00
-1.828734791333731735e+00,8.543143954252741423e+00,6.761286312136709853e+01
-4.473139213241861256e-02,-7.652926762454850262e+00,5.889844341586428556e+01
3.671687161171583114e+00,-6.503060977910484652e+00,4.054269392549522877e+01
-2.782667373506892972e+00,5.601207237291660590e+00,3.424017035035473810e+01
-2.898732997510734322e+00,2.418604766886343072e+00,-1.864206084028267441e+01
-4.846758456862064079e+00,7.169884233773288429e+00,6.258162634043743822e+01
-1.893021770232503620e+00,5.826090124913466894e+00,2.946407473688496381e+01
-2.720705718391286609e+00,2.563050134500652888e+00,8.294522421899237941e+00
1.214181291295987286e+00,-9.121672609482935457e+00,9.968142187801217347e+01
-1.928184662598728671e+00,7.282970981074718964e-01,9.069713215809844797e-01
1.159519636173777180e+00,7.546564810316617411e+00,6.190716485173648209e+01
-2.643272068621327353e+00,3.763517039280033671e+00,1.072509041311553446e+01
-4.320532572718219555e+00,7.312664874319970920e+00,7.275037194137171070e+01
1.033808581403871329e+00,-7.593924711374871350e+00,6.619870845244180657e+01
-1.558223399261340347e+00,4.896338802331820617e+00,7.287305131802948033e+00
-2.696986060554094955e+00,7.802181773052389246e+00,6.541378598439811753e+01
8.145334345386636699e-01,5.163508818376417508e+00,2.119565558381137294e+01
4.706257622832950460e+00,-6.749209575578028364e+00,2.667614444498611448e+01
4.067521330355271303e+00,-7.283801918457042390e+00,5.223966672707462067e+01
4.454527741267940044e+00,3.654124769177064636e+00,9.391319505720153060e+00
3.192077025116452305e+00,-2.571153175780869660e+00,-3.616092593888135198e+00
-1.742752983662398947e-02,2.209088586233356466e-01,3.021624349040578750e+00
1.226482909746949623e+00,-4.049980152354493157e+00,1.523253617510310498e+01
-2.910561183570226973e+00,4.017691262207147673e+00,4.217222434927261787e+00
-4.103871349126025692e+00,-8.063148666777486540e-02,-1.939515860813566306e+00
-3.093724138335132157e+00,3.536139328000572846e+00,6.973942292455438619e+00
2.685050621457247821e+00,-3.683559327564345232e+00,1.429659112190209669e+01
-4.543997853557430133e+00,4.587043205066397178e+00,2.636045778481345536e+01
2.483445025589556820e+00,-7.130596146310674399e+00,5.611723387280923703e+01
-3.343276234306732597e+00,-3.014509945747310127e+00,1.300736271187700410e+01
2.966358171111291853e-01,8.258315176155797133e+00,6.602081297347832844e+01
9.745002576312220555e-01,-6.646868692782925692e+00,4.271040302249237897e+01
3.566576194294384550e+00,6.980188514665247368e+00,4.677409077968425066e+01
-1.903641369825004315e+00,-3.210522371907162942e+00,2.243260648815410985e+00
2.845947753987324802e+00,4.821785272095073793e-01,3.818855477446275959e+00
1.890293968266329117e+00,-4.895914537924486609e+00,3.635110971669411128e+01
-6.761670783965358922e-01,2.681048999412972478e+00,-5.635623446784118862e+00
-2.580610965166277637e+00,3.497661129873840480e+00,8.849892397182836490e+00
2.445715302384169121e+00,8.548394060717349419e+00,8.179719921843852148e+01
-2.566277392778965272e+00,-1.591129365302041521e+00,-3.559051062895223438e+00
4.554073664650992725e+00,-3.137562581213153123e+00,-3.803943567221582889e+00
-3.882661274763659076e+00,1.335751104524971922e+00,-3.355721396360547004e+00
-4.821064514139857593e+00,2.991655334777442832e+00,2.298834867705608787e+01
1.618627670798581164e+00,-3.097226154568311074e-01,1.124555557538273476e+01
1.627434504630405954e+00,-6.793007231221288578e+00,6.486914449940387328e+01
6.007819509975220740e-01,-8.234898150518182192e+00,6.977602317834502799e+01
-4.199037904145434652e+00,2.107661876057944639e+00,1.345005546406015462e+01
-4.860002081237614568e+00,-1.165273187420883261e+00,8.663004689441752504e+00
-5.380855400381161502e-01,1.838398280669599316e+00,4.444391960593311097e+00
4.250167912526926273e+00,-6.911533739082075911e+00,4.181655461726894174e+01
-4.214556348902201321e+00,-6.918986078399084860e+00,5.855820120540876417e+01
2.192062738585196513e+00,-4.112261223366438401e+00,2.325108128353219428e+01
4.674608470648225378e+00,-2.626511550284645224e+00,-1.133283909136606837e+01
2.129741195278437971e+00,-2.843397275646861289e+00,2.259352385316134360e+01
4.428947062463610251e+00,7.201574526015619426e-02,-1.519584607443252722e+01
-4.043323987455699431e+00,-5.094381390854851865e+00,3.054764276986235316e+01
2.509944351384593375e+00,-3.985344891336328743e-01,4.206536240437914742e+00
2.183191183451645756e+00,7.934666976804404470e+00,7.282073072548735126e+01
-9.527824313895951747e-01,4.774045470823065074e+00,1.590124313187022942e+01
2.612604766035245163e+00,-5.011141547575730826e+00,4.082516264858706734e+01
3.505781811766306433e+00,7.032220663212740419e+00,3.573192606016422701e+01
-4.332270630337441197e+00,-2.871042388805660650e+00,1.204920046852264548e+01
-3.971586033041792696e+00,6.058279154431826186e+00,4.264844012828123709e+01
1.168069870075689742e+00,-4.941775952994341026e+00,2.954772379391066295e+01
2.790966518467610236e+00,-9.260356108424472765e+00,8.179857694915077104e+01
-3.142100380853984021e+00,-6.773889414849447732e+00,4.176422053696572334e+01
-2.852133199280629583e+00,5.959953248894368727e+00,3.045193973086099248e+01
-2.746259872039976457e+00,-7.215342097000165822e+00,4.589554150636698893e+01
2.983772296745909713e+00,-1.485639201689537003e-01,8.693708362530852440e+00
4.409640373566652727e+00,-3.572780502099917044e-01,3.726054783113060154e+00
3.860644138168062511e+00,-4.918950853436161452e+00,1.251797375500427023e+01
1.912768539039984006e+00,6.240672881159810004e-01,1.099273059705673639e+01
1.525295226088500655e+00,-1.258169912497741905e-01,4.314820754765857913e+00
1.877949622819143016e+00,1.898155210553071015e+00,2.322622922989589256e+01
4.763839166461419694e+00,-3.597845158488697237e+00,-4.977328139354575853e+00
3.339296266754786302e+00,8.310098560791814748e+00,6.684180971601928434e+01
-7.781515035304593653e-01,-3.072525641335324131e+00,-9.861340630276465902e+00
-2.272899002824830816e+00,-2.177729216742845253e+00,6.020596421459427638e+00
-2.841125422685426560e+00,-3.823710682761431556e+00,1.519555184093082012e+01
1.590148647888813827e+00,-3.487139027042235995e+00,1.552513422237105090e+01
-1.961638337589128867e+00,-9.402947028233391791e+00,7.421084767642746272e+01
-4.125022302157526077e+00,-6.152764585532328745e+00,4.223110864482961091e+01
-5.864072542758229645e-01,-1.345235177654334535e+00,1.076933258039877828e+00
3.673966937148351874e-01,-2.678930304745501090e+00,1.401898212310449310e+01
1.161183912515280525e+00,9.983346017643395243e+00,1.176093668339525209e+02
2.455221455764906580e-01,9.202856407211545076e+00,8.756645049720989959e+01
-2.205594697363677525e+00,-6.538739674023348769e+00,4.175058804421488645e+01
3.257480980812132998e-01,-7.257271420534778805e+00,5.202996140180260909e+01
-1.657941787732410077e+00,-9.493393933289116404e+00,8.584634660435841624e+01
2.278046148145013383e+00,6.454932410323507952e+00,5.292057782636687335e+01
-3.338720314475112083e+00,-3.556058059745326183e+00,1.900414933291048314e+01
1.825759255540998716e+00,2.909457519293056293e+00,1.482948091635906174e+01
4.244013561220757680e+00,2.697520749306441701e+00,-3.794503520087168180e+00
4.887119709618227503e+00,8.389419753897477960e+00,5.540520010559144737e+01
-2.018271058241740690e+00,8.122453017627190519e+00,5.018876078657591933e+01
3.627284208399808918e+00,-6.056227771595732889e+00,3.389161425555730034e+01
4.231323259270030945e+00,-3.487665151725909851e+00,2.414606152990219634e-01
2.116589458191249662e+00,5.190915819174218626e+00,5.182911333013569788e+01
-2.248738230653032133e+00,-7.923685693089552728e+00,5.581455713853478073e+01
2.720511385610961952e-01,8.883920425952823052e+00,8.278093970908065558e+01
-1.846870474290517095e+00,6.721227986801100229e+00,3.910360958301372136e+01
-1.259411796723849619e+00,4.347244308003379132e+00,1.948497350370343284e+01
-2.428036636620560795e+00,6.369093677269042075e-01,-3.781173763914404518e+00
-4.641557133595071605e+00,-3.722996512418335513e+00,1.499372556929116307e+01
2.789992768185207694e+00,3.455239378187446420e+00,2.358779738094358436e+01
3.654130530363739027e+00,-3.115981200156348052e-01,4.201349717215392410e+00
-7.542975607757878009e-01,4.256066232642082170e+00,1.988054516896795576e+01
5.666663080280232023e-01,-8.101886168123845877e+00,6.571298156256057155e+01
-4.117529450133603497e+00,6.254148571769579945e-01,1.470740988194953935e+01
2.872858045177064668e+00,-1.063027894619839486e+00,-1.457289008769611094e+00
3.423331247867128724e+00,-6.207293910520695235e+00,4.575516034544713051e+01
-1.277332010254031758e+00,5.457689710393662352e+00,1.847128852419659495e+01
1.125600667248747300e+00,3.977033884665422292e+00,2.903363877141379135e+01
-1.549499210469922339e+00,-9.395984187606439164e+00,8.569609109138077940e+01
-1.290789001814007797e+00,8.469405644033219716e+00,5.301433547469048335e+01
2.721785198976140130e+00,5.947206000131377124e+00,4.408559701137108533e+01
-4.639550788819315486e-01,1.667963636196638788e-01,-4.025681502272131951e+00
-9.901937928440247561e-01,-2.698744878129648583e-01,-2.341005838533425809e+00
-1.113806484298471844e+00,2.307371174904716327e+00,-1.010688626995309747e+01
6.471524148219938155e-01,-1.210223470609420815e+00,8.333787031793381317e+00
3.905066873946193340e+00,-7.774927153257049639e-01,4.825555533220205362e+00
-1.906464474825778410e+00,7.538663006717325032e+00,4.943003786346180561e+01
-3.229310837986226979e+00,-2.423302380165313075e+00,1.193146949843285753e+01
9.724071331215924374e-01,1.198633489681055764e+00,3.434016063741805347e+00
2.643211718131972532e+00,-7.240886353969400169e+00,6.602475303584280653e+01
9.992893975520136252e-01,-4.901418015552487795e+00,2.198211541794833579e+01
-8.311478612740854643e-01,6.120824650810693157e+00,2.336234095336408956e+01
-3.813656797927137632e+00,-4.960389454075350812e+00,3.944163011901292748e+01
4.792347996357566586e+00,5.913903278051988011e+00,3.718296614335503136e+01
-1.337314846012015224e+00,8.956586534007620060e+00,7.035224886004812106e+01
2.741353570970344045e+00,-9.748141407227741695e+00,1.041586202168193580e+02
-4.696739332443940818e+00,4.980289327640646135e+00,3.587932007027683312e+01
3.463263645617146835e+00,1.169108552083489627e+00,1.860106613965202049e+00
-4.208330805811692166e+00,-5.940271979524379020e+00,4.785140495884039069e+01
-4.471614395330984593e+00,-8.598009754820484574e+00,8.171844623492842175e+01
-9.787692224589736867e-01,5.350145704972568694e+00,1.873637579456953262e+01
1.863757353679630135e+00,8.982416575684183613e+00,8.153581495040917559e+01
-4.567360007039500402e-02,8.859842388229996146e+00,7.961232068662120298e+01
3.034884033965461470e-01,5.571158986012509473e+00,4.157059461001639278e+01
5.105104977286263335e-01,3.352582752659479581e+00,2.250184607999324982e+01
2.508674524949707774e+00,-6.434272457301730697e+00,4.558012172779856996e+01
-3.390713913805592838e+00,-9.491834113240567916e+00,8.940156714186359466e+01
1.312346010328201196e+00,3.236835814176510340e+00,2.113273851217283905e+01
-3.406104629870511324e+00,-7.581753230145304556e+00,7.577159135307076099e+01
-3.239263752134639240e+00,-6.261333313944346557e+00,3.400089939909157266e+01
3.637378842571822091e+00,-9.231502618582720032e+00,8.487096582392263144e+01
-3.443387774797830314e+00,-9.756559540353656246e+00,9.928785159071425426e+01
1.416223567499361735e-01,9.941050082954884459e+00,1.053291829701208115e+02
-3.545537093455747524e+00,4.849683930465610970e+00,3.024143079168431925e+01
1.258896704908051944e+00,7.301568852393529596e+00,6.854809527086531773e+01
-4.437357856382285526e+00,-6.321118189037542301e+00,5.065414096832555657e+01
1.482024180265939961e+00,-6.178091838602579600e-01,5.721749107379506150e+00
-4.492544981610412158e+00,7.827818688080895981e+00,7.033285563466787949e+01
-4.107427750879577566e+00,-8.051149782877446981e+00,7.122110593298975800e+01
-3.225727593413885153e+00,-7.097245866630590427e-01,-2.254470693163426631e+00
4.740714554187517749e+00,-4.082359424667075132e+00,3.822069444376034131e+00
-2.633261954158730767e+00,-3.638693468085723026e-01,-2.828689682191462218e+00
-4.487605946948352909e+00,9.227603887690623452e+00,9.157755609074338565e+01
2.461683887168187645e+00,4.706558617833124458e+00,3.304258300098107526e+01
-2.997587329185479099e+00,-4.287366815391102648e-01,-7.200132813506352925e+00
-3.359819348920250803e+00,-2.205939178898315589e+00,8.847886452235872667e+00
-3.033447137052648124e+00,6.688888671763336902e+00,4.781637358197122722e+01
9.851582667940430582e-01,7.372305896318817275e+00,6.151940491556810287e+01
1.357228832453385436e-01,-8.545783602316722849e+00,7.063408978688768514e+01
-2.320285659310438398e+00,-2.087148342141704305e+00,-1.128349258822932022e+01
-1.777957196455290934e+00,8.847037731632710233e+00,6.779848600823142135e+01
3.091556471489550262e+00,4.294079255034649378e+00,1.080343654239856832e+01
-4.623234001529020532e+00,-9.717598788909235452e+00,1.091275863192652480e+02
4.144148069756742103e+00,5.318424067739972116e+00,1.327524280245110333e+01
3.994328890180113945e+00,-9.671568342457103284e+00,8.678408655831421470e+01
-4.048768807257907554e-03,8.761685378850973649e+00,7.630801804897839702e+01
3.285913003958633283e+00,-6.351669732870773188e+00,3.489846976629162612e+01
-1.411138281839132702e-01,3.413941773583564654e+00,1.745971536444318417e+01
-1.733488810507429534e+00,8.742076211244651063e+00,6.718709697738840703e+01
-1.302603910088391270e+00,2.818658955572923119e+00,1.544629389589054114e+01
-2.900585474747484405e+00,7.790240532557781705e+00,5.483947541428002381e+01
-4.132657048247628140e+00,-8.996537642211098529e+00,9.586003862400252729e+01
4.063193896731812416e+00,-7.392121938869353315e+00,5.960949126956861477e+01
1.834297701959631155e+00,8.781881738821230243e+00,7.741810106950941872e+01
-3.735514038890927146e+00,6.941035397950120256e+00,5.822682444492718190e+01
4.037948242667424026e+00,1.594991207254521370e+00,-7.191120501330646064e+00
-3.254149856528425477e+00,-9.012084115592164935e+00,8.712022004787847607e+01
-2.164204103735186457e+00,-2.521295308607802710e+00,9.485004109280419371e-01
4.503753888622023638e+00,1.794793246293906464e-01,-2.745548002450666658e+00
4.374373615408245541e+00,7.085338801657464103e+00,4.618009920732087892e+01
1.595510261224878157e+00,-5.647188254686252407e+00,2.849601372496756468e+01
1.053370745267596220e+00,-8.524139315947024897e+00,9.253842667455246840e+01
2.558536358158855606e+00,6.296745636159574389e+00,4.740300437679217538e+01
1.563237656002507414e+00,3.077878957265751225e+00,2.578832262978864165e+01
-4.604992170877953761e+00,-5.733215137094358482e+00,4.586633185612698327e+01
-1.674544911119579815e+00,-2.123371984213324737e+00,-2.070859719952832023e+01
-3.125361280418217369e+00,8.474296295170105964e+00,5.913578150085967877e+01
-1.240172087542366075e+00,-2.816676437736167493e+00,-5.292926640997884569e+00
-4.949528678439929053e+00,-4.463200147148420172e+00,3.124857476264718770e+01
2.697633850707370939e+00,-1.138287918225948658e-01,-5.751815893471721175e+00
-3.061269325234914351e+00,7.224333188461400823e+00,4.377989408194080312e+01
5.781064307414816028e-01,-3.096336712705795691e+00,1.507995229138768956e+01
4.839386835005193177e+00,-1.913052932841893039e+00,1.791313530364466722e+00
2.175761231498718473e+00,2.626657792649666590e+00,1.055951228378117079e+01
-4.778892110408739846e+00,-2.156117512519131196e-01,7.750386306394577929e+00
2.485900329339085779e+00,-8.992654006731196858e+00,7.726851826689843961e+01
-3.503549556759807615e+00,-1.660233318094199717e+00,1.426906054627186116e+00
4.631213573126482075e+00,5.583151646481860908e+00,1.928199534114522251e+01
4.997026292872634556e+00,4.878129060551380292e+00,6.394737868405155012e+00
-2.406619547112288870e+00,4.594558074594033314e+00,3.600260055058964070e+00
4.404069952197293247e+00,9.779088446590765926e+00,9.408208030210050765e+01
-4.233480802461922821e+00,-5.039366228259818392e+00,3.119677771771634411e+01
2.790561174476905215e+00,-7.799123627048006213e+00,6.125092646325196455e+01
1.681382838466213059e+00,-3.990374548718609304e+00,2.725768004507306941e+01
-9.524157038205913750e-01,1.813361933198736509e+00,4.922053353827957167e+00
-4.586718644893924335e+00,-1.078532140445158660e+00,1.061285777677046838e+01
3.021898296771368564e+00,-4.765661343936800520e+00,2.185161821911177782e+01
4.786534216510183626e+00,9.460811882873731093e+00,6.939684266731435969e+01
1.185651205058054991e+00,-9.783657322921561317e+00,1.097837881280338195e+02
-1.281153667947666719e+00,-8.385762812630126461e-01,-1.099103241892656513e+00
-1.952379264851984431e+00,8.290227071506468093e+00,7.627017052864582070e+01
2.813580674818005889e+00,-9.440964535413840508e+00,7.719666139550064088e+01
-1.942606894464197431e+00,-2.570768740426217391e+00,-1.088119691701866465e+01
4.660800012573746542e+00,-5.608101963752636365e+00,2.539242588106729315e+01
-2.641915566099790613e+00,-6.458273266724150474e+00,4.178584578411838635e+01
4.445367752030712438e+00,-8.274542671523795079e+00,6.922196800443049369e+01
2.513447424348465020e+00,9.725116729659433190e-02,1.717384323466792395e+01
-3.460552794765880957e+00,4.295992149967748475e+00,4.159393515322870627e+01
-4.358784013185821316e+00,1.868638380361973717e+00,1.624219462713798379e+01
-2.948176299353206797e+00,8.137572560003309974e+00,6.045050482869732633e+01
3.144546392165791460e+00,-1.801044701235364087e+00,5.944319108122222417e+00
1.947074160976052681e+00,2.654154834626574200e-01,5.071595840304262914e+00
-4.018494101107251915e+00,-6.185539081277746654e+00,5.762823257879361449e+01
-2.758002284261771297e+00,6.574049532730398937e+00,4.207929773783988026e+01
-2.339426276230027746e+00,-5.808692473030079739e+00,2.363155842669906548e+01
-1.712318920856485960e-01,-5.677147111671139612e+00,1.727527235061100797e+01
3.270091899787004763e+00,-3.242344976439031079e+00,2.093043558685084093e+01
1.486299216256831812e+00,5.729954825529858908e+00,3.491889610940370403e+01
1.096930725694880593e+00,3.606076262922224274e+00,1.905388755034243431e+01
4.304512616554566407e+00,8.687410454077763688e+00,5.112951808653778585e+01
-1.702483421625590410e+00,-2.996148666611824218e+00,1.164374546406945043e+00
4.610000709088001969e+00,-5.986510814659597557e+00,2.072352290527781093e+01
2.735092860240761148e+00,9.811635156291551141e+00,9.682449981487604873e+01
2.247330927059993044e+00,1.970859818335490843e+00,2.416625938168324694e+01
-1.760737040375458307e+00,8.097240959093234380e+00,5.814425732903703903e+01
-2.944907464532381169e+00,4.054421237023611013e+00,2.090226809843028022e+01
-5.810953254962392123e-01,-7.069320288783349504e+00,5.748076175405493871e+01
-9.638785353589796046e-01,-6.685207183070021486e+00,3.235795147994441834e+01
2.163506291367356837e+00,-4.230951684926735901e+00,3.210079123256704037e+01
2.243507869601906179e-01,3.047446987788628547e+00,1.158765141793003295e+01
1.450505435916337404e+00,-1.408498668108713048e-01,1.357380629684006834e+01
-4.750850174419563920e+00,1.957758041197006804e+00,1.207335017232763974e+01
-4.030547744557263279e+00,8.213461426787642239e+00,7.414393460131280733e+01
3.470835135151425277e+00,2.230951690058491366e+00,2.007413005919958415e+00
3.044549611117272292e+00,7.576004343509822547e+00,6.127372452662939395e+01
4.597708941699474749e+00,1.475075257249059746e+00,-1.212131269492169494e+01
2.233953551232601420e+00,1.208062810582486435e+00,2.531662630359920563e+00
-8.701769136539327931e-01,7.023008718707842490e+00,5.353086905521740135e+01
2.212403749371158135e+00,-5.972661178223628298e+00,3.852922214331518092e+01
3.151863315690961898e+00,9.683691826304517747e+00,1.056937707150914321e+02
-4.290551931226014304e+00,2.528047786318158074e+00,2.081185334421468980e+01
1.898531821385255114e+00,2.679586961250668864e+00,1.711234575492507304e+01
-1.923374245971460006e+00,3.535427057341674839e+00,1.820838057981370994e+00
-4.401867545395258929e+00,8.508821762007627854e-01,1.267813162351207623e+01
-4.128761539229080846e+00,5.773438004029213033e+00,5.383181825214470706e+01
-4.069340781460776491e+00,2.448485177659840417e-01,-3.849546655762823733e+00
1.567511170560154987e+00,-1.760814237119870285e+00,2.836042697016178948e-01
2.817263314990015921e+00,6.131654538179166281e+00,4.678011564277139200e+01
3.179075431285649955e+00,2.155253765788307518e+00,-5.114132410512953975e+00
-3.733278694426119593e+00,-4.841138250518028485e+00,3.285529885798979421e+01
4.673879996407501736e+00,1.590420694215307407e+00,-8.036905521724584389e+00
3.945053223782656104e+00,1.868048624439406780e+00,-1.282220390671605159e+01
-3.071111480883763623e+00,4.186954984179910966e+00,2.431792605926339945e+01
1.305792305687536015e+00,-7.600894259362753758e-01,9.308519424753574967e+00
2.955317835733946019e+00,-3.652806213489867559e-01,-8.022264513896152138e+00
-3.098379210952011409e+00,2.749869555417184586e+00,3.843625393955385494e+00
-1.770920023362018370e+00,-9.373669595440059510e+00,6.795634935436160617e+01
1.889981412147250239e-01,-2.523411285815557292e+00,4.416801442301490965e+00
4.409204771931987565e+00,3.271786320216325095e+00,4.079866282276911171e+00
4.220181964335600000e+00,1.222946033104577168e-02,-7.072349552870418776e+00
1.918328230160454062e+00,2.194201609968100541e-01,1.358618827136066898e+01
7.812365786432717840e-02,6.012950098604850524e+00,2.778633847971077842e+01
-4.848743233376255901e+00,-3.978308680969464106e+00,2.166966438945444295e+01
3.981694745385935263e+00,9.326496805445273708e+00,7.399409608190596543e+01
-1.403348560833711289e+00,6.870354748213632234e+00,4.523159628832939916e+01
1.029183115435609253e+00,5.078740856323022967e-01,1.235696132356723176e+01
-3.925088852836301712e+00,-5.317572784617519588e+00,3.765478999394353821e+01
-3.154446116642554365e+00,5.420460476745191158e+00,2.546521968789303259e+01
-1.192765021887417731e+00,-2.393376452630597839e+00,-5.005840896528721551e+00
-2.417923948963628611e+00,-5.414245124452429891e+00,1.987128373628258871e+01
3.813902436007783336e-01,5.266019831145777985e+00,3.465845517423823452e+01
6.926595596630624740e-01,-4.319204516005800798e+00,4.065057518709720341e+01
1.203182985050919029e+00,-6.582691800785167580e+00,4.446408815601385811e+01
-4.590061054726179535e+00,-3.102780782227760881e+00,2.736800513532524803e+01
-2.256423434701093633e+00,9.495733864227517529e+00,8.465862918842999818e+01
1.650734798741395615e+00,6.096682216290886913e+00,3.828531917310982635e+01
-5.178126265075588819e-01,4.718424348088262832e+00,1.546154339227536312e+01
-8.823780264121738881e-01,-2.796543375341327575e+00,1.742859658143571977e+01
2.319562246424434981e+00,9.561512418582822193e+00,9.301607886363251509e+01
-1.732363161056690082e+00,-1.819853871261482681e+00,-4.982487670958184900e+00
-2.417789608531012213e+00,4.325637374841384997e+00,1.147114631545811392e+00
-1.814292123820908653e+00,6.042786915730978592e+00,1.867544899504201794e+01
-2.562079612561498632e+00,-7.233573012064979935e-01,-1.945457958554562161e+00
8.533678388611800614e-01,-4.054189750139514103e+00,2.441926223716486177e+01
-3.293251214246225800e+00,-3.506202152108439662e+00,9.649869434326689088e+00
1.090742104080801411e+00,-5.672680135469270191e+00,2.888625383572913208e+01
4.645898388939055934e-01,-7.794711013796014498e+00,6.309087778828721582e+01
-1.681997324597736210e+00,5.146414066823259859e+00,1.569995801173030969e+01
2.637082376243911064e+00,6.137464713310553321e+00,4.155486875062432262e+01
3.458495956915058400e+00,7.783212580429839988e+00,5.617919250423932453e+01
-2.899780822486865972e+00,-9.283594186571162865e+00,8.495831152999109293e+01
3.755707273734588014e+00,-4.463272721652440822e+00,1.393231945864399890e+01
4.032692423513188018e+00,-2.860533440650621095e+00,-9.973651822474938200e-01
1.498691597715690271e+00,9.692010669161852832e+00,9.239083462763090893e+01
-4.358423753392060007e-01,-6.719233746220076853e-01,-1.719956875689307552e+00
-1.754971993374179196e+00,-4.018165800451880543e+00,2.113262243953492003e+01
-6.812981839404228523e-01,7.563552106161036903e+00,4.149181183668944328e+01
3.217265979015325073e+00,-9.955673822728570599e+00,9.226912680178708115e+01
-4.278839476935214492e-01,-9.153863708786820652e+00,7.409596281055220857e+01
1.998790581381335585e+00,8.925112338467240392e+00,9.577688999819838500e+01
3.291625466912273978e+00,-2.308140502200577870e+00,3.988303520852760631e+00
1.201421764431248818e+00,7.191763055180103947e+00,6.980633729749015970e+01
-4.169493228175658039e+00,5.181812545274873116e+00,3.899132657098114407e+01
-4.186115506150091647e+00,-8.167949036881491764e+00,7.777612874575055457e+01
4.625807420405255499e+00,3.437682912458015494e-01,-2.327579162972789817e+01
-2.703234755828253455e+00,7.311610140628221899e-01,-1.832361829594846014e+01
-1.278536437608389420e+00,-7.318643740854618329e+00,4.212637899850307122e+01
1.173313195671714659e+00,5.750835145690672334e+00,4.673165603972646664e+01
2.706034131718394242e+00,-5.685342543350692779e+00,3.686118955723392077e+01
4.211474638614117083e+00,8.016099340916827742e+00,6.320871602164450564e+01
-2.284218138083863536e+00,3.451719352952446584e+00,5.267655889928970936e+00
1.772475251249632677e+00,4.205743998447733389e+00,2.382872924856082619e+01
3.293110390161029244e-01,-9.382484667302538384e+00,8.133164683532638151e+01
-2.601956495656009061e+00,-6.450533009412160013e+00,1.707509549633542179e+01
-4.827317067138680251e+00,-6.244888501116330204e+00,4.244098149905703110e+01
1.738959093253588328e+00,-3.034273925710109232e+00,1.417678978904405795e+01
2.128092892402261072e+00,-6.540065619513592665e+00,4.602191710957122694e+01
3.499930281607007032e+00,6.993398823797694064e+00,6.587560499786309265e+01
3.659885705517931243e+00,-6.043006037823608345e+00,3.427623869234709275e+01
3.533009108228210238e+00,-6.051807839576451187e+00,3.590174821216941581e+01
1.287809647306350058e+00,-5.952113856866521502e+00,2.533073495807119002e+01
-2.605966466869960918e+00,-4.597785707132999278e+00,1.886595218250963768e+01
-1.263475255949612297e+00,-5.609996794566733946e+00,1.823048784380659271e+01
-2.668906869617160282e+00,1.428906425431179628e+00,-1.543327244262260090e+00
-1.889504748024266600e+00,5.396914688234449642e+00,1.677374958557046725e+01
4.578177036642848918e+00,-9.365832641283697413e+00,7.649410939297010259e+01
3.568736661156837187e-01,-9.664723986616213125e+00,1.027988712689107302e+02
3.051395972807737778e+00,-7.825427727351117468e+00,6.580806023928180082e+01
-2.386512929410713468e-01,-7.810612337994779608e+00,6.122112830851315124e+01
-1.572240364569629456e+00,5.475184023392907662e+00,5.630134734163952714e+00
1.436726706751679572e+00,7.352840934383074512e+00,7.441709469772330010e+01
-2.418332596366885578e+00,-6.179493199409691329e-01,-6.512113973622434493e+00
-2.142041824976397280e+00,-3.943857310936951244e+00,1.265345332239080633e+01
4.118118260655709406e+00,-6.526157545666975146e+00,3.816765440406981469e+01
-7.503933723718905213e-01,-7.803956445317687951e-01,-1.478869070985450485e+01
4.587961270907596756e+00,-1.236778329654232067e+00,-6.908340887769381489e+00
1.169477558392143735e+00,9.266594899710174360e+00,9.346301261822070217e+01
2.169925830398168110e+00,-3.933650507900299687e+00,3.654791183740792349e+01
4.585184709205655906e+00,7.453388656486580999e+00,4.161395806235460526e+01
-4.128996877193193527e+00,1.186047831974903488e-01,1.389460217621541993e+01
-3.319762150406001311e+00,8.714916759318416695e+00,8.026386036459226148e+01
-2.462555909074288785e+00,-2.353349161545848389e+00,-5.197608047583195834e+00
-3.011469543243732172e+00,3.740723283038196456e+00,1.086080349136422640e+01
7.778685730139924814e-01,-5.829860825153049930e+00,3.781162012798316141e+01
-2.255692556055196363e+00,-8.684021078718174635e+00,6.190644917556303994e+01
-3.456868098449255911e+00,6.677581407851015172e+00,5.233870252418473967e+01
4.022195097350715898e+00,-4.086837107708660710e-01,-9.452892093002201790e+00
4.685005656649440908e+00,-7.917039639518761440e+00,6.265044076340386425e+01
-4.133771760102266768e+00,7.335017560039275963e+00,4.720447673038064806e+01
-3.299778873178411676e+00,-3.592120277176478638e+00,7.614846445504897865e+00
-1.629187182858544691e+00,7.555548755724519339e+00,6.017495456881530203e+01
3.719205126007858908e+00,-4.896462146014089356e+00,1.821731457361478945e+01
3.221436215770292932e+00,2.069420031837301721e+00,1.006440639592923603e+01
3.097514215881925992e+00,-8.652520961565510760e+00,7.908792721182690855e+01
-4.246277657593978461e+00,4.670390368444778062e+00,3.046929574178577127e+01
7.858478493421845457e-01,-2.492007736695825315e+00,1.460953946203285625e+01
3.079491752123733050e-01,4.595296759967089528e+00,1.610248201166758264e+01
4.735763020417131486e+00,-1.889726992415166507e+00,-1.282833931062039667e+01
2.368307248617448124e+00,7.175998272767348141e+00,5.716359164342559041e+01
-1.505795579628250724e+00,6.762826823185690728e+00,4.033107272486766703e+01
-4.469742391945393578e+00,3.577904967480629139e+00,1.947116977093920909e+01
3.350934038546540705e+00,7.574902975899085789e+00,5.495546906385018104e+01
-1.850756505367986193e+00,5.129312600240719888e+00,1.722530927636534059e+01
4.310668445321002906e+00,6.141092991718650751e+00,3.023182764436781156e+01
-6.956341682917885905e-01,3.084648734012656490e+00,1.372204567137067599e+01
4.756074504146772242e+00,-8.126306407377459351e+00,5.602934752178693856e+01
-4.571436633934682803e+00,7.980201893319229356e+00,7.562808703776917696e+01
1.221448676941978562e-01,8.409970063647271843e+00,6.648416103354975348e+01
-3.744672529440608244e+00,-8.693982727493121843e+00,8.839248023312450186e+01
1.846387992554715751e+00,5.635419038187457375e+00,4.456856517205537216e+01
3.854267948927793341e+00,-9.365817561311525097e+00,8.763289246924281883e+01
4.481528525959902254e+00,3.703430047263406522e+00,-7.019310209238170728e+00
-1.210160571804308471e+00,-3.559955913837371533e+00,-6.695414476189837316e+00
-2.091376726347146331e+00,6.484429270034013371e-01,-1.302066640763437988e+01
-2.053424273931875099e+00,-5.942143650119040998e+00,3.087886885624095257e+01
2.984206025541458196e+00,-4.743792180973662731e+00,2.272047729323496057e+01
4.251884169446986661e-01,-4.041453306216942210e+00,2.629292667318369681e+01
2.855499282410756123e+00,-6.807585250005610433e+00,4.949718175922968300e+01
3.145660462906628041e+00,7.758600768863640695e+00,6.835463214509213969e+01
4.566347429058250640e-01,9.392363235466113736e+00,9.517849598223807561e+01
2.949401979488084358e+00,-4.236984305543431972e+00,1.289613698851076506e+01
-1.731658219103629825e+00,-5.081840369791010836e+00,2.174701324737682384e+01
2.993533363836716532e+00,9.581522471807979002e+00,9.087676390475348853e+01
-3.731921694066552497e+00,1.948288647785247463e+00,3.108418118573516686e+00
2.739146780229607891e+00,-1.665425086097727103e-01,6.561483325558651103e+00
4.121634871006159884e+00,7.894232429006553531e+00,6.760227270863107663e+01
1.074924329634097120e-02,5.362912530567436775e+00,2.833939993782447786e+01
-1.605866624021157207e+00,-8.895629715429116402e-01,-2.013410608917752853e+01
2.944651051733576885e+00,9.562083194875537373e+00,1.011917680605182426e+02
-1.427921034205699158e-01,-9.861503426419007567e+00,9.395668303888268724e+01
-1.793825061422334777e+00,2.431756316710615096e+00,-6.911360850975297510e+00
-1.531247248286369267e+00,-2.688636341159913457e-01,-1.063345669911900337e+01
-2.147121206125937043e+00,1.102841887980599012e-01,-8.518663094548854176e+00
3.769695708222558395e+00,2.408873058386101107e+00,9.410585845357553936e+00
-4.396484242967824585e+00,5.617963093562746479e+00,3.886775389166231776e+01
-1.171641532903469951e+00,-4.846543738569717874e+00,9.753814361111443176e+00
3.822582348847724631e+00,-8.026854351706809609e+00,5.301238042336675704e+01
-3.120455041590652900e+00,3.221515739099809039e+00,2.015519050064276740e+01
4.234515526599370361e+00,-7.112378628249076407e+00,4.279744922717516431e+01
-2.427562906761998818e+00,-1.400099655110622621e+00,-3.141484166009213208e+00
4.089689418222601347e+00,-1.736428634282889405e+00,1.234988227942373840e+00
3.731594704131026674e+00,2.921515806486681299e+00,4.503634036070200963e+00
1.298436205061058502e+00,1.965010872459316715e+00,2.197460192347938346e+01
4.875901363190230597e+00,-5.810216803628412308e+00,2.412646251098246708e+01
-4.974675868288955805e+00,-1.475605359820262308e+00,2.623634587400138329e+00
-7.985875378418967330e-01,-4.099423196008824988e+00,8.010437966935590737e-02
-8.801985884950891403e-01,2.794844906786934757e+00,3.592569730347181522e+00
2.452455274648022154e-01,9.880595019436501758e+00,9.539409208391123229e+01
3.204642247646837916e+00,-4.346828197197911692e-01,-1.096574467784338647e-01
-8.918625786101133102e-01,-1.658844464301999722e+00,-2.183878764444113330e+00
1.858920770131283540e+00,4.720421336076913832e+00,4.397850188544605743e+01
-2.844547774287538022e+00,1.951623996182945575e+00,-4.066588655032548072e-01
-1.835024606011226300e+00,6.288342661749517504e-01,-1.450266046420706623e+01
-4.718126954946520790e+00,-6.352478755749723760e+00,6.195978338457569379e+01
-2.475757608476907290e+00,7.490535410896473678e+00,5.509901839679040592e+01
4.922673532686580700e+00,-2.605434295564559299e+00,-3.381073610054223799e+00
-9.195975183981364154e-01,7.619580437599125844e+00,4.566841415904941925e+01
2.288884799869025599e+00,4.266399587846038344e+00,3.382388700252998603e+01
-6.063997170237547252e-01,-1.660725592808475426e+00,-8.611336529730561296e+00
3.444185229825349026e+00,-7.151724567683615419e+00,3.863520610044113823e+01
5.200147610665144526e-01,-6.706835989404424936e-01,-1.671544949855758233e+01
4.555825694934952708e+00,-2.255709730536707980e+00,-1.607784714454169261e+01
-1.183214125973641728e-02,-9.685223592401088766e+00,8.956722186040711620e+01
8.759101302161544922e-01,-5.920849601000366391e+00,4.551120787098806630e+01
2.914444929444723442e+00,8.473345963273398951e+00,7.436257752990410097e+01
-4.153649555966598683e-01,-4.343857838350013267e+00,1.314594569907379373e+01
3.490018222724122765e-01,2.635779317334247196e+00,2.473068134067433022e+01
1.554954113593422171e+00,2.190119609244653986e-01,4.995435979263298520e-01
1.334301404779003164e+00,8.805121234527636176e+00,9.408428128516817424e+01
-1.288982942555714217e-01,-1.635712653317398235e+00,1.909832759872323704e+00
-3.147690786189516476e+00,1.892160705807743426e+00,4.562840921490267654e-01
-2.267553138342108809e+00,-2.802888117534962475e+00,3.015609652943302077e+00
-2.163118218840120122e+00,9.048098019420546478e+00,8.354851640173976079e+01
-2.962787547742760097e-01,7.800199176125591549e+00,5.661728617171631583e+01
9.764888662551660659e-01,2.627580021558859613e+00,1.580690497164393982e+01
2.184984072530703259e+00,6.088522025996962128e+00,3.993489407851988915e+01
-1.785201003612769455e+00,8.531450955775280676e+00,5.632183728194706873e+01
2.140776831492265053e+00,8.863590106251226786e+00,9.098556640605569612e+01
5.211351205557335220e-02,6.080238050046840925e+00,4.523570615360021208e+01
3.455909916095139423e+00,-4.831058938350240695e+00,2.443947012456124668e+01
3.192174848421501565e+00,7.314880977280488139e+00,3.744412697991710814e+01
-4.112319910015114210e+00,-7.043229903972488160e+00,6.127731045091003637e+01
-1.361517184525108171e+00,-8.046721039344097548e+00,5.719304108581219737e+01
4.347445320794037116e+00,5.555342476111926331e+00,2.006994413274157196e+01
9.252011318074409019e-01,6.290551018516744364e+00,3.748537221339778114e+01
3.822309406222817785e+00,-9.480894036038140626e+00,8.169141970003647657e+01
-2.120554428397527502e+00,9.184509373654172748e-01,-1.871680551681544458e+01
-3.222368697323960696e+00,-1.137099959721334486e+00,-2.482364710601590030e+00
3.775868446626212460e+00,-5.789467861240311208e+00,2.487337165208955270e+01
-3.837187316537755688e+00,4.316054932545680956e+00,3.144126987853507416e+01
2.171576095134591711e+00,4.092609003726588313e+00,2.186500966294606485e+01
4.570103671426561931e+00,2.020438026519622454e+00,-4.535129205699706567e+00
-1.320363447107365751e+00,-3.056614259776679887e-02,-1.612517985613070337e+01
-1.080776029166830909e+00,2.381527419168081749e+00,-2.113683468559877099e+01
-2.241006937155543000e+00,-5.642136466996063859e+00,3.460395145106097914e+01
-3.829058934222620003e+00,5.162338836597777814e+00,4.043042757202857729e+01
4.924375477654578503e+00,3.006565843444503727e+00,-2.015515223901448394e+01
3.827066168566666704e+00,-4.860584659682758435e+00,8.410135824860569542e+00
2.003650327425708255e+00,-7.827024250115846016e+00,8.701299206626893579e+01
1.743918787386799174e+00,-6.587487607671254075e+00,5.600044645315907132e+01
-2.966609186479756133e+00,-3.538159419881896639e-01,-2.491285273004696599e+00
8.218118521590707104e-01,-2.033553408042799049e+00,2.575160365579552746e+01
-3.706907482143375621e+00,-8.074594261723325062e+00,7.596080207211549862e+01
4.138802268385171956e+00,9.674444714992329608e+00,7.973031622080861780e+01
1.584194852818817445e+00,1.017319673279185821e+00,2.254251659109619510e+01
1.276493656668695742e+00,3.038391959295269729e+00,3.079036671356669075e+01
-2.555389182404443904e+00,-8.995389286900817183e+00,7.975670497792704339e+01
-2.921631665998845051e+00,-3.391383321982139876e-01,-1.148796830759939880e+01
3.824311383081445470e+00,7.190213261766245978e+00,4.083854398072303127e+01
-4.480997761486632314e+00,9.768127171207172665e+00,1.062129957745208202e+02
-1.295579864056126684e+00,-1.401798646150655969e+00,-6.961280398676813697e+00
7.043124691232360846e-01,-7.387216960393827136e+00,5.103103423533556082e+01
-2.953213769618044715e+00,-4.687705328742612920e-01,-8.932656647757749369e+00
-4.749528778722106104e+00,-5.669779383518232407e+00,3.058018472503068352e+01
-1.147558817343854454e+00,-3.525389240927747636e+00,4.020432464515166338e+00
1.622033480144406070e+00,-2.125854804468385595e+00,1.325025508204027247e+01
-2.224161155020667469e+00,9.328616197666214305e+00,7.704935702474500658e+01
-4.015404004861297338e+00,-5.264989621403238118e+00,3.491801397295890297e+01
1.468633727980352965e+00,8.118229544587009627e+00,7.021543326777695881e+01
-2.536049060743041927e+00,-9.082416300845540746e+00,7.738893070479194591e+01
-3.123979827398693843e+00,-1.780510254480457633e+00,-5.785519670279599680e-01
3.828142379767033532e+00,-7.358455968890645238e+00,4.970607506609911042e+01
1.661458534354870231e+00,8.232707999547280053e+00,8.062601347674151953e+01
-3.635335063783573517e+00,-9.857299603903111773e+00,9.878177220029992611e+01
-2.744521498283924998e-01,2.468570449582481174e+00,1.171269906437840191e+01
-3.117224277803730459e+00,-1.762830192513458627e+00,1.908174779780605235e+00
4.739986838836657057e+00,4.462345289040818841e-01,-1.591092517728657185e+01
1.373015537693832222e+00,9.737877614245025626e+00,1.103285549019494880e+02
-4.904915482433471752e-01,1.279694135608766103e+00,-8.490143497159035491e+00
1.116100990552729932e+00,-3.799949295708500152e+00,2.783572375426667378e+01
1.391711865774196255e+00,-4.745336686510110979e+00,3.520875833861416737e+01
2.161558422742881902e-02,-3.159645365287026664e+00,1.481001812075133373e+01
-3.091973498127078557e+00,-8.023571577810637123e+00,6.361431831868939923e+01
-4.642950070131814044e+00,-8.381977420286201408e+00,8.748938404310324302e+01
4.934827239067459459e+00,5.366772390476803878e+00,1.796328863175364887e+01
-2.111422409539534861e+00,-9.860415435837863285e+00,7.651926968946017382e+01
3.280889344265945695e+00,1.481258214845158960e+00,6.580347213260166583e+00
4.662311285195343658e+00,6.371562023354716331e+00,2.347515169919550715e+01
4.667026443498672350e+00,-2.286581789823851629e+00,-1.022481479121183412e+01
-1.671439846046983924e+00,1.472899679936109152e+00,-2.404773487765967843e+01
-1.299264367867847270e+00,1.667175750077284135e+00,-1.039079018905034424e+01
2.484887052396223872e+00,-8.944423071369358880e+00,7.878517872175549996e+01
2.975937529397318926e+00,-4.959496021322653547e+00,3.591410516360920724e+01
2.095608648436005694e+00,-7.405489307730457327e+00,6.755808725367685952e+01
4.245129215576332271e+00,4.087388567174780718e+00,8.944989777351056048e+00
-2.375348446953879922e+00,5.964041084967826478e+00,2.856082571164846584e+01
4.457517534814572358e-01,6.198048127203620083e+00,4.440730689726329672e+01
4.809606738219182276e+00,-6.779450396456727645e-01,1.254439095225551526e+00
2.949040609451618167e+00,2.701716572288397344e+00,1.145200530514008008e+01
-3.620031945185997468e+00,6.898963114926182527e+00,4.526088851339636676e+01
-2.553420222179259014e-01,9.071567531375450244e+00,6.898095476242963286e+01
3.510533842141827066e+00,-6.543470108097871218e+00,2.488859777510525717e+01
-2.200111039619778719e+00,9.990850620724536668e+00,8.773319505912665761e+01
2.034328664279472676e+00,9.858122745041598023e+00,1.121495102201945571e+02
-3.854301831943386603e+00,7.941174502917750289e+00,6.660968644372093195e+01
-4.198421994972429516e+00,-1.040718140217474996e+00,7.187886438022520252e+00
-1.321021666188030075e+00,2.574516442495468738e+00,-3.640479082108596387e+00
4.457323187766782269e+00,9.998397693999621083e+00,9.435386302005159109e+01
-1.712654746126889282e+00,7.859095569620784261e-01,-4.203619982321935566e+00
-4.447287284883936209e-01,-8.026338869559310751e+00,6.035516867013680553e+01
-1.857446831634368412e+00,-5.315344921337503692e+00,1.499722383812565951e+01
2.437714601750821330e+00,1.523299974096749665e+00,2.083241149744798548e+01
-2.793182672734630945e+00,-3.774194101491494813e+00,1.225905415587193303e+01
3.229919248879483007e+00,-9.211639253977654818e+00,9.279750103340617784e+01
-1.084381948050368027e+00,6.104703208221756938e+00,4.417921518595061769e+01
-4.597471341136081691e+00,6.666474966863614071e+00,5.576310765240287282e+01
7.305421418256319299e-01,8.743585099984930054e+00,8.298849730519522438e+01
-4.838720698436725698e+00,8.131653430051564158e-01,-1.101045924181955016e+00
-4.514246514123250620e+00,-1.172088495855456713e+00,2.011934422417431279e+01
-3.650317985371392737e+00,2.248134748189706045e+00,5.585086493719624734e+00
2.606220192240188638e+00,-7.030883057151948279e+00,5.786283297458766128e+01
-3.870094963094183882e+00,6.122226362227131347e+00,4.647599723125900084e+01
3.277523770616351584e+00,-3.553214311656731184e+00,1.920386985445370343e+01
-2.291244087536702168e+00,-5.747017921652648909e+00,3.994076592663387260e+01
-3.867202716735396173e+00,4.561622000987073378e+00,2.748193777798773851e+01
3.891788357717373970e+00,-1.275305765216312892e+00,2.438668212348351183e+00
-1.028053220321726080e+00,-4.570064691366009235e+00,9.134054990887534586e+00
-2.727951928596292763e+00,2.696079379757437167e+00,1.176952458324794293e+01
1.891661799528576715e+00,-6.544041514091627931e+00,5.583489074960004217e+01
-1.034778652416940226e+00,3.693179777883717207e+00,-2.957818532701178782e+00
5.058334863074556154e-01,5.572155828726476301e+00,4.502633813939036855e+01
-2.752619531035260803e+00,9.778075542437854040e-01,1.071384699136935126e+01
3.992697929337216678e-01,-3.851462074475941577e+00,2.255074368332376267e+01
-2.474662478655551556e+00,-9.944861242617832886e+00,8.435204487189774625e+01
2.557768970347479964e+00,-2.542580340439744013e+00,1.290650178430839290e+00
-1.897633059429542079e+00,9.670108694344321520e+00,8.840035677688928217e+01
4.370384879606627138e+00,3.371851671951935359e+00,3.629521637528658751e+00
3.539245219022209454e+00,8.345669790074193628e+00,6.498734211407396799e+01
-3.947858474365383508e+00,4.009937937428482257e+00,2.101587834519872544e+01
-4.145125064057614495e+00,-9.482200697812054102e+00,1.056521840639364740e+02
1.296295640573369212e+00,-3.021249375736223541e+00,1.843545628963012817e+01
2.297059579718620625e+00,-6.798191066656418258e-01,1.774373923295753031e+01
4.015946344581061922e+00,3.496127561907496073e-01,-1.010955132575492854e+01
-8.090785910885056609e-02,2.344717570148231900e+00,6.906152990469360375e+00
-3.811546138536239248e+00,-8.030531989303934637e+00,8.458194790782616224e+01
4.757126970935981802e+00,-4.021925455296486263e+00,9.554750662703025199e+00
2.760551192004051302e+00,-9.377235155856787685e+00,8.296564763495828743e+01
4.453611273501778101e+00,3.173471954670779027e+00,7.849601090400426529e+00
-2.530752357614212134e+00,-7.393614737031271034e+00,4.535341434938742111e+01
-3.021632289292608409e+00,-8.468217769839087694e+00,6.522092277525520387e+01
-4.346669761081413341e+00,2.989979457374815297e+00,2.175593029988228011e+01
-1.926153689369653144e+00,-5.558417301573634894e+00,2.315599715529452496e+01
-3.991534816532257501e+00,2.353687537543539321e+00,1.255494987913313842e+01
3.267072273999602317e+00,-2.265895469269009865e+00,-2.666281555396041725e-01
-1.664054653787107263e+00,-6.074600640128629436e+00,1.982360990182138138e+01
-1.077834435626839671e+00,-8.655855134997880285e+00,5.625416309547635052e+01
-4.066151916387195087e-01,3.735076472571876138e+00,5.749687961040476303e+00
-1.914935936671558814e+00,3.512154305744104477e+00,-4.040653430930710499e+00
1.147857338351272460e-01,5.857336742520880435e+00,4.315284206443398318e+01
1.267639990451857379e+00,-4.957907713125937477e-01,1.692133202485091914e+01
-2.001154414322098063e+00,-7.795737810667247025e+00,4.040584349602080749e+01
-1.367997503693335837e+00,-5.896671210062192081e+00,3.576499814093028817e+01
-3.304521178241200730e+00,-6.232367711109754183e+00,4.065166124676917292e+01
1.969185865080349984e+00,-5.710118856689323508e+00,3.550988992463667415e+01
-1.222801116440390690e+00,6.289637828699863320e-01,2.110402954005792253e+00
1.573854443123238411e+00,-7.377307695894352868e+00,5.392756222244427988e+01
-4.265642683234180943e+00,-5.937427030405661554e+00,4.023640790768537556e+01
3.771839310613815499e+00,-7.385167645292867178e-01,-5.369678303455878599e+00
3.864348573506541484e+00,2.470828217382976533e-01,-4.037792783933982221e+00
4.659641158139692152e+00,5.614582942962700329e+00,1.665737741839041419e+01
2.969578368899336240e+00,-8.350138435912995760e+00,6.693956399418829051e+01
-2.466153560086030705e+00,6.415144192711817794e+00,2.690064978838243448e+01
-3.955284194725428026e+00,8.612704350580330015e+00,7.633353785813702075e+01
-4.384911073546552629e+00,1.188446827300248643e+00,1.926262841434134643e+01
3.807902876617337284e-01,7.742668596755329702e+00,5.369343540589261465e+01
2.911344349888542737e-01,4.503580795505417456e-01,4.464865487443058001e+00
-1.955584458073915677e+00,-1.903424988501551951e-01,-1.600208833766228800e+00
6.394540664351477943e-01,-4.867371247928026889e+00,1.888375596594041284e+01
3.723777925672742128e+00,5.744692290980566440e+00,2.882764291492189557e+01
1.278539475967123806e+00,-9.139719189915121333e+00,9.576632413646412090e+01
-1.889417979611919485e+00,-6.220400407889976613e+00,3.588567022385827698e+01
-9.035380780190180872e-01,1.593177822015817924e+00,-4.269887600264050675e+00
-3.934677128697554593e-01,9.244055044914315289e+00,7.873427273781491920e+01
-4.042856063901901997e+00,7.953159347940097490e-01,5.403158436797298236e+00
3.870444714577372380e-01,-7.862319009205604559e+00,5.898583296246496133e+01
-3.029926876622965004e+00,9.022606781760678984e+00,7.790834007942781625e+01
-2.552042389079941742e+00,8.081000190144123962e+00,6.627210685989645356e+01
-2.179988011027856665e+00,-6.098708876924834321e+00,2.733250197977147522e+01
-4.805751265691096563e+00,7.067629268523948127e+00,5.503002780363226520e+01
4.618332377409501532e+00,3.957013335540773724e+00,1.070017855814277397e+01
3.884086076856918979e+00,3.939620904670347201e+00,7.653526485402369239e+00
2.542770571974282134e-01,-7.719059355019748381e-01,-4.841286455594804750e+00
-3.217892431948423670e+00,3.071152017914505095e+00,1.622914740611541617e+00
-1.452411477231505543e-01,-4.009693287643170123e+00,8.818714189077667243e+00
-4.230306715320671707e+00,1.349338554773435561e+00,1.580016178254855319e+01
1.078528158737378284e+00,3.108181478411742305e+00,1.763729697447405798e+01
3.616522518498451078e+00,8.711595209819837038e+00,6.487381702759822133e+01
4.174405158728875520e-01,-6.742037842917056878e+00,5.164526283850966593e+01
3.015890452569387037e+00,-8.850093064291559841e+00,7.734878657486905240e+01
-8.335396675199184813e-01,7.951303355063984668e+00,6.609184504491913970e+01
-3.848865587743983685e+00,7.768701143392195974e+00,6.827177370818326096e+01
4.772631702658639341e+00,4.730363591137397350e+00,5.951065064658217274e+00
-2.462996034428515113e+00,8.002050930641257054e+00,6.321719939200195171e+01
4.313963569513926899e+00,5.548850790210764217e-01,-2.613099262951418922e+00
-1.370695762020220698e+00,-9.722828202640291906e+00,8.616354217590044584e+01
1.264777674881866432e+00,7.197316730559016662e+00,5.510210995086625019e+01
1.062323844579809773e+00,2.846967162518279082e+00,5.090248555389585761e+00
3.892782327057807024e+00,-6.400073564662696057e+00,3.667773621765196168e+01
-4.394897283515470932e+00,7.711462958544853308e+00,6.585952980819665470e+01
4.243956230933724427e+00,9.770865399488073422e-01,-3.831069995808333850e+00
-2.264484857705021170e+00,2.884433157963453453e+00,3.395690959857532665e+00
1.384526460829015093e+00,-7.871497938964820307e+00,8.595373572144262653e+01
3.997896160604266669e+00,4.284539178975574458e+00,1.581057112570604062e+01
-3.001635133062643401e+00,-9.131255324305014298e+00,9.972606511995861922e+01
2.119358070611071732e+00,-5.527943494662983070e+00,3.355601610739458351e+01
4.030263274641695759e+00,-6.524759105730410624e+00,3.912898807934665513e+01
4.037469978758686295e+00,-9.368565631898508883e+00,7.836164653175561057e+01
-1.299276147338211729e+00,-3.783954672955680110e+00,1.409948895054581541e+00
-3.175603620104938685e+00,4.562349815608058634e+00,2.310309015997593107e+01
4.060788838910127652e-01,-1.636901600120488354e+00,2.357718099613083318e+00
4.672353911739085319e+00,7.391698811528893742e+00,5.210083454642246181e+01
3.740883066441691440e-01,-8.663737622953529893e+00,7.887887066175487405e+01
3.070068925999553500e+00,-6.027973325368805035e-01,-8.401879592480781866e+00
1.205381351752787822e-01,9.542691332836056972e+00,1.015528327335295842e+02
3.667803816328190081e+00,4.209914368454040101e+00,2.444324809524839992e+01
2.094461801338626472e+00,-4.061163385106971724e+00,2.473888103720339160e+01
3.345824470068336609e+00,-3.198197193054701515e+00,7.114561084438065564e+00
-2.643876741786379547e+00,-8.279687956376310609e+00,6.960012772505606904e+01
-2.237753280307393844e+00,-7.617460145866761678e+00,5.423909903106218167e+01
-2.562973063043680888e+00,1.811305393225676852e+00,8.511108833074459312e+00
1.617069767561746474e+00,9.782701552793756861e+00,1.095199787839469394e+02
3.930211992951907263e+00,2.386261947331991706e+00,-2.642087548151715204e+00
-1.281088806722213924e+00,-1.063739959969387527e+00,-2.074817620108566274e+01
-8.850593486499622742e-01,8.345891501924175060e+00,6.127241635893852845e+01
-1.200544716696675174e+00,2.291011121738826262e-01,-4.670644337760008646e+00
-3.664310581222517627e+00,-6.704042703384267554e-01,-7.132798709077650123e+00
1.358537353598681108e+00,-1.272860565539204458e-01,8.333245774041362353e-01
-1.583262081932291565e+00,4.712648370256431463e-01,-1.541790168559776575e+01
1.629206233158124739e+00,-4.511893342816399866e+00,3.008673262994897613e+01
7.747407024901162842e-01,3.416769854289897879e+00,2.498866619973107817e+01
-2.870929053086380911e+00,-3.529916897047691293e-01,-2.657712694124862551e+00
4.995536484021625867e+00,-4.170169368426648759e+00,3.900529479752576023e+00
3.274094579780186365e+00,8.118958098461359185e+00,5.071948363256214520e+01
-1.772313049687912478e+00,-2.771236671721394984e+00,-4.749364884256578989e+00
-7.761625718731028911e-01,-2.583529061576806285e+00,1.839361275983946342e+01
1.343267883871412494e+00,8.454916973122923451e-01,2.251784246155112612e+01
-2.089629765998823885e+00,-4.564172876247047483e+00,6.358258636087965598e+00
2.411125625878042911e+00,4.598098794373004949e+00,9.398428137705508334e+00
8.391798889011559126e-01,-5.975024945554203271e+00,4.890684515124504372e+01
2.546412499973579102e+00,-9.682859982172860924e+00,1.025961247248074528e+02
-3.408335756024362340e+00,-7.217112245628241496e+00,6.286766534949618546e+01
3.170503898553903355e+00,9.685908404198350752e+00,9.215913007686897629e+01
-3.120815306020447988e+00,1.600520193387351853e+00,-2.724359226336764195e+00
4.364063895184383313e+00,-7.371349870380445424e+00,4.681796984354189561e+01
-4.590878892795586808e-01,8.725338062149251783e+00,8.353483768948953525e+01
-4.992882347292836087e+00,-2.230930029900513034e-01,4.700895250250509250e+00
-1.424234425220357814e+00,-9.848058029993161711e+00,8.452592276332124754e+01
2.533575722149370435e-01,-8.344910113206784885e+00,6.733446388992521747e+01
-7.521205475582153355e-01,8.307215658858318363e+00,7.198770396681193517e+01
-1.338305777923665119e-02,-1.017420812794782137e+00,-8.429262750457501951e+00
4.286712180723446508e+00,-1.401029563132905054e-01,-2.001080424300068827e+01
-1.771576611793967970e+00,3.138228296433160480e+00,6.101285405345587165e+00
-2.325264257127377387e+00,1.872149872866486930e+00,-1.297122930440273159e-01
-4.525410292443741156e+00,-3.683816498952319662e+00,2.595780180343656696e+01
-1.543785336693588306e-01,-5.653691525817197139e+00,3.920008152334916929e+01
-4.865404670637175855e+00,3.888757203853923983e+00,2.984572561905113375e+01
3.500006390235252951e+00,4.248623853735146838e+00,1.452472703674593646e+01
-4.945617479818715800e+00,1.353127958930954833e+00,1.461122042244734409e+01
-5.365590744369228560e-01,7.538631215827145127e-01,1.664886128667165011e+00
-4.061094511330368917e+00,-2.579093067554463659e+00,1.566883711516597089e+01
-1.183724065771831757e+00,9.061749636830576549e+00,8.110186942351721484e+01
-1.613648314305699216e+00,9.343440415410061206e+00,7.698032790034208972e+01
3.546375765588704709e+00,-9.433481454567704816e-01,1.395483218129497338e+01
-2.804023692588963890e+00,-2.143983840253027573e+00,-4.066589500310977989e+00
1.650513517712238531e+00,-3.073334135703800207e+00,2.341766990626662448e+01
-1.488687214955048077e+00,2.097107220098315850e+00,-8.844796977592404019e+00
-3.630088345186761600e+00,6.485930870252705205e+00,5.328238890960113849e+01
4.110981106087146841e+00,6.532364046893590626e-01,-1.956765287966035771e+00
3.346232964966150192e+00,-4.035381955712540325e+00,1.263200146319614880e+01
2.760101203046873231e+00,5.922024899884378968e+00,4.126096920649604272e+01
1.467539551911720253e+00,-8.382977860573937789e+00,6.784293625337690514e+01
2.828677189088192101e+00,-9.928200904181025521e+00,1.044296059972054991e+02
-2.133107743347570029e+00,-6.814615474865755473e+00,3.641108623841590486e+01
3.289568450009054956e+00,-9.071100477524487005e+00,9.211492192360535114e+01
3.596133242512067341e-02,-1.783956483358474898e+00,3.426376545688676778e+00
-4.677290204073987212e-01,2.859661342694778341e+00,1.102720199153251102e+01
-3.462471698525444452e+00,-4.986184226180871981e+00,3.625045625924205694e+01
4.072269987777396238e+00,-3.826120987126817141e+00,5.433736555788221345e+00
-3.252460302373103573e+00,-4.489653828103323363e+00,2.502722315371851636e+01
2.644298274750077837e+00,-1.220788702925156954e+00,4.164675906156170448e+00
2.213085620121661101e+00,-4.382529848958228058e+00,2.449724876003509166e+01
3.137736457764638942e+00,-3.771294654312606909e+00,8.133846253287856598e+00
-1.812354036779884048e+00,-5.038272683525432782e+00,9.983019700625670012e+00
4.839390015044781279e+00,-5.369525165681857004e+00,4.649694886628296331e+00
1.582296393398968881e+00,7.784815235741845640e+00,7.051078764908913854e+01
-4.624076277884436870e+00,-5.405952412541186192e+00,3.367919885462288931e+01
3.502562705938958132e+00,-8.539898015505720252e+00,6.769386826313841254e+01
-3.519665454670608540e+00,-6.081739018031997901e+00,4.665001004877361623e+01
-3.752666634250730660e+00,5.390091935706051274e+00,3.214178807775810753e+01
-3.913582891970079913e+00,3.176395895381485701e+00,1.826722264322002331e+01
-3.096077109385885429e+00,5.398509805524689398e-01,-8.390838608095494422e+00
2.528473262516057751e+00,-8.836669202238631726e-01,8.809880058849454798e+00
-8.203499264668856483e-02,-3.545235306684865861e+00,1.375570810585767489e+01
-3.370741554850526178e+00,8.911192120630918367e+00,8.453829758773551362e+01
1.465015985735110604e+00,-3.835130059256197654e+00,3.089523140080881447e+01
-1.817669727670572222e+00,2.513915008808156770e+00,-1.089034383168346487e+01
-7.464928424985970423e-01,8.712591417027560681e+00,5.940624533066250734e+01
3.313182644856473402e+00,4.309226859220444794e+00,2.593038746067965405e+01
7.259135951495583328e-01,1.928323610248678932e-01,-5.704798679724983224e+00
-1.308918415553276482e+00,-8.616868991578190418e-01,-6.978104548056430545e+00
1.025840549230846221e+00,4.190933726364660217e+00,2.835657836985655678e+01
4.086256258587901868e+00,6.267021058464262495e+00,3.158233371198868866e+01
1.977700568541581383e+00,2.140354791574397453e+00,6.190138335675787751e+00
-4.882410017294457560e+00,5.284118842942003624e+00,2.171955626439360998e+01
4.065876411015992176e+00,3.324794673773974196e+00,8.468259667843895500e+00
3.605491949151856446e+00,-8.841676590849992579e+00,7.381285769318945711e+01
-3.010571055622045300e+00,9.813455236339905241e-01,-2.541688227420548785e-01
4.005249024821988968e+00,8.737793585805391672e+00,6.620550920969448327e+01
-1.890697471852541334e+00,2.325706232437752874e+00,-3.257831839686640585e+00
-1.469085173561127888e+00,-8.784425998382070944e+00,6.113399694886432201e+01
-4.742254364024650393e+00,4.286249140453781692e+00,3.717100736509514292e+01
-1.264870682411801894e+00,9.201337929935888837e-01,-2.703686305809807067e+00
3.304855724629522484e+00,5.093560357714538966e+00,4.111006924496241766e+01
3.292790679545712251e+00,-1.817817981498246027e+00,4.734266793091563841e+00
3.911620677494235920e+00,-9.741981794552511786e+00,8.673797590391343704e+01
-2.807410196433534288e+00,6.892149825856005663e+00,4.779653802520089556e+01
2.757663335650882175e+00,-3.137128249568159610e+00,1.981705614813640182e+01
1.349900039218699277e+00,-2.860931468592582405e+00,1.683647233521124420e+01
1.263831407734357093e+00,-3.986268698893365325e+00,2.424396580158449765e+01
2.104159740947338264e+00,-6.283548121719984003e+00,4.168208466203942919e+01
4.141866018570494745e-01,4.059142994586617093e+00,2.741223291324110534e+01
5.964230340130418639e-01,5.836161438388884903e+00,4.388115297437536810e+01
1.826446830100700858e+00,4.372264400756229463e-01,1.635136369147478419e+01
2.995995677492036435e+00,-8.845494254342593621e+00,6.115901249499351877e+01
-4.639552867916290957e+00,-1.620801978483994432e+00,1.217330615243724168e+01
3.678389604382143574e+00,6.777886624397208237e+00,4.881254650091503322e+01
3.681000677278667865e+00,-6.267758283341589021e+00,3.527966825666744910e+01
-3.583797568224744712e+00,9.560044603916470152e+00,9.220483450584626439e+01
-2.774417318994490067e+00,7.152074454736812470e+00,5.005786013411706392e+01
-2.945771311653577751e+00,9.648162573637709016e+00,9.088527703632169619e+01
-3.875724768217523319e-01,-4.472666524908621710e+00,2.708689380981786599e+01
-3.795074557349758848e+00,-2.133793373029329032e+00,1.295645551716065569e+01
4.878261138153209941e+00,-5.950660173435444733e-01,-1.795528960678437258e+01
4.841470214327657118e+00,-3.667729761041949033e+00,7.855608423596332379e+00
-4.271470658395458031e+00,6.167739502799143736e+00,4.247443747899870914e+01
-2.777465737227887921e+00,-2.796264888665216830e+00,-1.436659948092403383e+00
-2.570372909525220351e+00,-2.123433044681803494e+00,-7.986579606167578227e+00
4.136411271126075206e+00,-1.468988621805495498e+00,-1.879755425243064160e+00
-2.145655407144346771e+00,8.486285304192797696e-01,-2.804816115410430299e+00
-3.348362370862697723e+00,2.099759821221818257e+00,7.094603400829620377e+00
1.435159752470767103e+00,3.000352866815452657e+00,3.076879557628038242e+01
1.812717931793042858e+00,-9.380129905733252116e+00,1.073945920890293877e+02
-1.535798527420467963e+00,-8.949265161728694906e+00,6.280888504901025726e+01
-2.848592908756880426e+00,-4.305742934036212333e+00,2.006913562570919041e+01
2.534980770545658402e-01,2.766899699565033899e+00,1.159209788998905211e+01
4.858905747649203022e+00,3.524716225029109751e-01,-3.848149494818827066e+00
-2.569134181941881145e+00,7.907917868984544185e+00,6.088223446970497577e+01
-2.896293312771608619e+00,-2.124592149649195960e-01,-7.643982990204083450e-01
-9.423051330919438584e-01,1.589329083765987249e+00,-5.784418040694647267e+00
7.525157474596557705e-01,-1.617182306461895536e+00,6.169695702712209240e+00
4.313412490746394212e+00,-5.120881230927629701e+00,2.313496294512030715e+01
-3.827467473394393416e+00,3.591306649364920389e+00,2.220101364035876657e+01
5.885896552342329002e-01,9.639363364941473833e+00,9.164150065764525266e+01
-3.616295612427239625e+00,-8.906038618160337705e+00,8.408382332869662434e+01
-2.869011458173974738e+00,-3.663858848697190140e+00,1.304317008718077631e+01
-2.105812232739011414e+00,1.502614260868906371e+00,-5.135857276259661042e+00
1.052851126083211852e+00,-2.905333950817725608e+00,1.473974768017085424e+01
4.401705775547299027e+00,8.689722968588938556e+00,5.369430706148111909e+01
-5.221698828453193997e-01,5.546936900707757800e+00,2.952078359204545777e+01
7.267064982920388161e-01,-2.202173022100382127e-01,7.288149951138386484e+00
-2.031079638204591475e+00,5.453709214701429886e-01,-1.281270366103764324e+01
4.714212229559137768e+00,5.905584279138565762e+00,4.402475604041924839e+01
-1.411250355517410515e+00,-7.383111570228331644e+00,3.656239201238192749e+01
3.619388896129896338e+00,4.298329652143655366e+00,8.094192919788813612e+00
3.255515834642910278e-01,-6.310918021209102058e+00,6.035484482161444930e+01
-1.523133887103214068e+00,9.932249488547121530e+00,7.909069017667668788e+01
4.361770455376060340e+00,2.876459509389629687e+00,8.184200039714852437e+00
3.175026249414496959e+00,-5.711396553987411195e+00,2.707628813645413857e+01
3.752702235933432107e+00,9.663923875486396753e+00,8.791591662716558631e+01
-4.326653193077736326e+00,4.476372872469028152e+00,3.623603839154752393e+01
-3.446431518143358019e-01,-4.395058887718626295e+00,1.504650282633314795e+01
2.800968077772305165e+00,5.893226661696200352e-01,4.250514711258577272e-01
3.491018459841152222e+00,-8.083513685635757895e+00,6.307639719036606607e+01
-3.674099816215588010e+00,3.560716651121339282e+00,1.314813585943354113e+01
-2.481066575776661232e+00,-9.561119131974484375e+00,9.161943129895243487e+01
1.598533285705665108e+00,-4.385544095723668434e+00,3.152911053420812948e+01
-6.717383404911014821e-02,-1.672636572088812557e+00,7.406763172385355531e+00
2.441269110591939295e-01,7.474631269429401925e+00,4.400779073122183860e+01
1.397237263770694682e+00,6.318330416138334016e+00,7.082937009428754038e+01
-1.014784840978424363e+00,-3.238084152274911531e-01,-2.444524420826410349e+01
2.515756493075351763e+00,-9.796020907028982094e+00,1.008311643861350433e+02
-2.581558680620411828e+00,-6.387074408573926831e+00,2.518167954475895698e+01
-3.491257649932246743e+00,-8.568203957987666541e+00,7.469252440987760622e+01
-4.038475932409038016e+00,9.632261083499361831e+00,9.853464762717929659e+01
-4.699438301759247594e+00,-1.630979916326332102e+00,7.677640645361428540e+00
3.432632030346361773e+00,2.828816094194479547e+00,-6.383291219626642032e+00
-3.073759817010511597e+00,-9.515171490250651232e-01,-2.062093203370272576e+00
2.350581071467258809e+00,1.827848268109246277e+00,2.646214834358104895e-01
-3.668487896637513401e+00,3.757344617451670032e+00,2.559877329047561645e+01
-3.727660322892134559e-02,2.648620176586556241e+00,-3.516754445785085892e+00
1.628603370248956850e+00,7.733711577229986034e+00,6.209025777017391334e+01
-3.011890100022696970e+00,9.064943502834836409e+00,7.528170338998980071e+01
-7.202228003586679250e-01,6.337797475259236535e+00,2.854408296275368428e+01
-3.914960087099226271e-01,-5.253008504954104652e+00,2.853479858001806235e+01
-3.326680304216073303e+00,7.857592495068598026e+00,6.413260050004645052e+01
2.540988261481603949e+00,8.331935357028225297e+00,6.512800541681066591e+01
-2.757126725231807463e+00,1.027905274674839831e+00,-1.591142043917027493e+01
-2.425757481667053739e+00,5.877933256427263942e+00,1.755411816956543802e+01
2.685689342115428424e+00,1.819485953562081093e+00,2.186397601555267656e+01
-3.059672399082474570e+00,4.578491310241981083e+00,2.871598560880061868e+01
9.229574562406366312e-01,1.457785608586359416e+00,-2.544292061712525310e-01
-4.323736790232137750e-01,2.153358588970721854e-01,-5.255373682859554307e+00
-3.069578809689417209e+00,8.355972621650348486e+00,5.867629813995004895e+01
3.873126476368824456e-01,4.102602341641949479e+00,1.100094030551565893e+01
-4.916557806536512309e+00,-3.820802620141419581e+00,2.189259324637693993e+01
2.687397013161145765e-01,-5.139217047961714968e-01,4.567483767563611075e+00
1.425235187851424890e+00,1.675101714286530097e+00,1.564027980846750232e+01
4.440221333681927618e+00,-3.357329718804173524e+00,3.590256384974956916e+00
-1.135946386170912703e+00,3.879191579935543643e+00,-8.334219625721896563e+00
2.065527443283862397e+00,-2.729909681940185351e+00,1.120029197539142096e+01
-2.297400885739363297e+00,-2.976813359123333669e+00,-9.182907234006858488e+00
-4.340789634051595236e+00,-3.079621745403711586e+00,1.450129334788977076e+01
