-2.009488071911385010e+00,9.921532446943935213e+00,8.938372483384947031e+01
-1.575292464382491708e+00,6.937336108510592680e+00,3.812673335854065471e+01
7.888569388173731767e-01,-6.047584554229176845e+00,4.366876164319255338e+01
-1.081566045707349488e+00,-3.656713995951948348e+00,4.544608779745480831e+00
2.605429239855978629e+00,6.461975106317353834e+00,4.686553769964583438e+01
-1.290674296350333705e+00,-4.654552763223254175e+00,1.205464435210464735e+01
-4.344991250531450078e+00,5.410964871218723715e+00,3.861119292573481232e+01
-4.727092750299578761e+00,9.943972750642252834e+00,1.088815130807431331e+02
-4.722401282344223183e+00,4.959978518300225403e-01,1.024551264225454617e+01
3.455206903008715358e+00,5.340659126807336676e+00,2.543765383331287211e+01
-4.606504447230454602e+00,-7.991939816769495053e+00,7.381509671786599824e+01
-3.558462649370918385e+00,-3.569221310885608567e+00,1.678834564700792953e+01
1.271373393230179616e+00,4.002476460268269420e-01,9.715266826571252068e+00
-3.136707233002850259e+00,5.237782258465376373e+00,2.738550897556160635e+01
1.003392618799386682e+00,-1.400866840504457755e+00,1.039541968931348670e+01
8.669019714809191868e-01,-8.845584449978913355e+00,8.586764007430907952e+01
-2.984446031993662984e+00,-1.772669707498877756e+00,1.577351603273202896e+00
2.819667134822598342e+00,6.961755734491045899e+00,5.162998037623718517e+01
-2.829499883431108920e+00,-2.898765595192651645e+00,5.332332153528627217e+00
4.446416079538501265e+00,3.911729560792377214e+00,5.653255832521603352e+00
-3.685305469715514093e+00,2.694537073781757996e+00,1.243369959479295339e+01
4.867990781744632400e+00,-2.854615083653397889e+00,-1.730357181324649218e+00
4.573057329957265438e+00,-1.826945607568575269e-02,-9.902756613238386407e+00
-4.826740195701040292e+00,1.698932515122367093e+00,1.282106190226287090e+01
4.726901286815644809e+00,6.772323844317895691e-02,-9.994360546266292999e+00
-6.625849679344923970e-01,-4.404030094579516330e+00,1.324391201550513841e+01
-2.765137430018617337e+00,5.653219412427434420e+00,2.828262735095086455e+01
4.878796096537298510e+00,-3.453282741180936810e+00,2.063299122813438302e+00
-2.654088172056358275e+00,-7.811035492045304451e+00,5.632804998721949374e+01
-1.415412999890546253e+00,4.951836862328766742e+00,1.464116550970632957e+01
-3.788725118662579217e+00,5.008105684440424810e+00,3.111013377271103053e+01
-2.781480473319843938e-01,-5.615980439165834781e+00,2.879348282823228544e+01
-2.587504956719290927e+00,3.232532996583222129e+00,5.187592432071417292e+00
-2.955894157680561740e+00,-1.594119169382192780e+00,6.948852707030157561e-01
-3.839174026485814295e-02,4.600215840267580347e+00,2.077816267840577780e+01
-1.087563868702807746e+00,6.488555800217884695e+00,3.324638027713845645e+01
-3.395698897338838229e+00,-1.087802361796853745e+00,3.697118507164197432e+00
1.966005562941687046e+00,1.544356852936857649e+00,1.161419837298042346e+01
-1.515816138193957219e+00,-5.646000343508113417e+00,2.189243017770046507e+01
-1.571222409803594289e-01,9.229868743842814638e+00,8.362571154236454163e+01
-4.348408519347390033e+00,-2.628607879427504734e+00,1.625445137701931131e+01
2.563186232174331280e+00,7.180425359912042893e+00,5.702541107465931702e+01
3.176733933128916831e-01,-8.956375002622834813e+00,8.334022532508420511e+01
-2.816239602487939031e+00,-1.425521145666426293e-01,-3.176112245463076800e+00
-2.728947783831712215e+00,-5.603480058815987874e+00,2.738865280871987551e+01
-3.930449636608845942e+00,-2.903548515530163243e+00,1.552607699614880232e+01
2.809901514425732216e+00,-8.005002534495558209e+00,6.733649011244709470e+01
-5.169192463512022329e-01,-9.823941684108238093e+00,9.156778774260908449e+01
-5.358104538715107168e-01,-9.002112356513691793e-01,-4.295000530733767974e+00
-3.014388604629897550e+00,1.194274575678054617e+00,1.576789518428469705e-01
1.032868311077060675e+00,2.882568658881140777e+00,1.689692328489574180e+01
1.620608358771269408e+00,6.595281047631374349e+00,5.348532846961229836e+01
2.634212597078803064e+00,-5.226975478903705508e+00,3.218016298465725811e+01
2.862333374937095165e+00,-6.156577168729928218e+00,4.065987941989012455e+01
4.064610846197222571e+00,-1.077989783036901628e+00,-6.812202781868934132e+00
-8.877854672439031702e-01,6.682101639682546335e+00,3.689372242628139986e+01
2.076874591604658704e+00,-3.289087592780362002e-01,8.854703904197283038e+00
-4.346557369317062047e+00,-2.755763066458918331e+00,1.693249603051704710e+01
3.076425131346450570e+00,3.982651535784532015e+00,1.651272731948446548e+01
-3.244473233556614211e+00,-1.902852092646229565e+00,4.647837962016027724e+00
3.451453438076166336e+00,1.191368961616953825e+00,-1.629900536102056208e+00
1.732765103603903789e+00,4.215920307011909784e+00,2.764310111808967463e+01
-3.019278288555513612e-01,3.030884128788803977e+00,6.212644785971666472e+00
-4.461383293478885292e+00,-5.458215039087590981e+00,3.947874262140563673e+01
2.739947185049093292e+00,6.929717664128276056e+00,5.193032081779619347e+01
-2.705957804697781910e+00,-6.611178283121715182e+00,3.948781787273662758e+01
-4.740995289515560707e+00,-3.507027898277328859e+00,2.229515335369790563e+01
-4.761573009056125905e+00,-9.549738830142651125e+00,1.011854188186448198e+02
-9.477896635993010577e-01,-3.786530602730630690e+00,6.216535970168871827e+00
1.056619485370236866e+00,-3.237838284370102571e+00,1.919057537259366342e+01
-4.747055033336362584e-01,-4.071614648986320972e+00,1.200728051375288530e+01
3.080186006910516028e+00,-3.772166198956994343e+00,1.484291845422492528e+01
-4.256044288188634894e+00,-4.051654113062792106e+00,2.539259379886308210e+01
3.297749017655014825e+00,2.091431417656812286e+00,2.818860406262774010e+00
1.698429899595426562e+00,4.363317223975398562e+00,2.895719606532637869e+01
-4.990503781642928516e+00,-8.598004531623766766e+00,8.354142908122754818e+01
-2.933871919921594795e+00,-6.281984678171435021e+00,3.740102982317318947e+01
7.466630836962382389e-01,6.699053585787758891e+00,5.166925279540441096e+01
-2.019661312698887379e+00,4.432964619734198308e+00,1.064177317725923899e+01
-2.780878376099415128e+00,4.076643705102252824e+00,1.308959756446068567e+01
-1.710627757144548511e+00,5.873895916058099687e+00,2.460025818390686325e+01
1.276513615800917378e+00,-9.369466245862101417e+00,9.735700213897139577e+01
-2.515368702076909990e+00,-8.865084898548223791e+00,7.272883611871694143e+01
2.713113653193602204e+00,-5.839730113053440697e+00,3.825732563544804776e+01
-3.400368285551536029e+00,9.191040330696552019e+00,8.703419378543357254e+01
-9.598508739826261404e-02,-2.194114563784925309e+00,3.855761039163790649e+00
-7.017010790136000153e-01,-3.853563892695746063e+00,8.394776559815255723e+00
1.095243152994187952e+00,2.159777298085618469e+00,1.355503395659295585e+01
1.225395363487087330e+00,3.406528329195793958e+00,2.101383298264006072e+01
-2.495699416917813718e+00,2.074989169885487428e+00,-1.713539782817104395e+00
4.961876680711592158e+00,5.018341037141764716e+00,1.549335636979551012e+01
3.515879004673626795e+00,-4.522447968215157488e+00,1.679645182405127457e+01
3.106805527246098819e+00,-8.447502107984789177e+00,7.170809296969333957e+01
-1.909907983687481270e+00,4.916962301125797907e+00,1.474601282609169672e+01
8.266525125198711521e-01,5.925911356275236130e+00,4.247310642910104406e+01
-1.463513006370527059e+00,-1.117380171936678934e+00,-8.693968173252086373e+00
4.375920941506018735e+00,1.415386943484566729e+00,-7.435946262367020054e+00
-6.461311117289794126e-01,7.440806548740447113e+00,4.934458284728286515e+01
-4.840234806342511575e-01,4.322243473271935699e+00,1.402834629144221523e+01
-2.128567973602870644e+00,-3.055150051533940925e+00,8.495750679157314522e-01
2.882753060760636643e-01,-8.999485350875531253e-01,3.652898598228210947e+00
-2.084655529324851209e+00,-7.372898943236880775e+00,4.565109844340094014e+01
3.842630207974794487e+00,2.774369182215036034e+00,1.247015302181839758e+00
3.563399732428489841e+00,-5.387232100807517909e+00,2.492817160711292246e+01
-3.834684829213389712e+00,-4.129329990906065007e+00,2.344055580789875393e+01
-4.276585728599897607e+00,-6.990051580444340829e-01,9.553920722136325594e+00
-3.608899441053248225e+00,-4.088971687544820099e+00,2.122452409064927537e+01
2.514406325377995799e-01,-2.479693768608104421e-01,2.549484299849838376e+00
4.425894063245063847e-01,4.396265361496833890e+00,2.360995717029876673e+01
-2.936152480266793763e+00,-1.323142153693073197e+00,-2.892758080905388773e-01
-1.525192711789746802e+00,-4.411244734010784541e+00,9.469476749841636121e+00
2.716980607378668644e+00,3.585045540183099178e+00,1.697222462313884961e+01
-1.620855343166325291e+00,9.218461099153955729e+00,7.499255194595015439e+01
1.920456284854195061e+00,3.745107000384104268e+00,2.342071902604505595e+01
2.714323162018096980e+00,-9.201147531414402891e+00,8.880498902332197986e+01
4.456298180402013642e+00,-8.099911763942236220e+00,5.593469487593628742e+01
4.055198809893573397e+00,-9.554202775499492262e+00,8.336567203031003714e+01
-1.469987690211001841e+00,-4.329368905340658102e-01,-9.761796759021235559e+00
7.726109071541298334e-01,-7.739043302505884014e+00,6.687286385688622659e+01
2.347370421714972011e+00,-5.647467337556535405e+00,3.902707462780827541e+01
3.023008737545751501e+00,-3.008460485511195159e+00,1.023389636637397615e+01
-1.577283902581771979e+00,-2.182716598349054848e+00,-5.235537808831683293e+00
-4.324630316042190614e+00,-2.005240481374721995e+00,1.327857804630720295e+01
-1.064816970056223777e+00,-1.232635729205149744e+00,-7.227611506265084529e+00
-3.245998595702478617e+00,2.848850575700030419e-01,1.123323138220464035e+00
2.294611554473737769e+00,4.113604920531026110e+00,2.441459105192901191e+01
4.064974730698608596e+00,3.619605269847976814e+00,5.125082345555859398e+00
-4.137275906885266252e+00,4.222153854345426893e+00,2.621789120729493305e+01
2.166384453472459448e+00,3.363627227332292691e+00,1.959217517926802543e+01
2.107057396377214786e+00,-9.893215374395104789e+00,1.064719604479429336e+02
-3.348399791770257927e+00,5.187790486529600287e+00,2.896653138241122249e+01
1.079629926116286498e+00,1.749053740777362975e+00,1.187702218989299929e+01
4.912519352444471465e+00,6.102410852216330284e+00,2.743901152342353811e+01
3.854824119813780925e+00,7.315520423481903123e+00,4.697402922436808126e+01
-5.218198061825409795e-01,1.514542831980925541e+00,-2.690745779326959131e+00
5.237861784014272715e-01,8.248856454015193407e+00,7.304525566702157846e+01
1.636446832830903197e+00,7.939753078697250999e+00,7.301813674485862293e+01
-2.604866631360458484e-01,5.794202283626837868e+00,3.099727182551261251e+01
1.831127075845627061e+00,2.968272607770076732e+00,1.847369123532297408e+01
-2.493857289089029816e+00,4.889859020855526595e+00,1.787690108608692441e+01
4.545633122891041822e+00,6.048776665581311107e+00,2.672641483780806482e+01
4.576776880921045176e+00,9.638005084287403434e+00,8.298295437550862630e+01
-2.850707775269055944e+00,4.166234524705647146e+00,1.448950969210996575e+01
8.190751512483860353e-01,-6.750126322835548365e+00,5.286935103117673407e+01
-2.041246042708316999e+00,-5.044215649992991324e+00,1.653046624488078820e+01
-3.412332175171529869e+00,9.689919638030300320e+00,9.656898352213441683e+01
1.823871857090085591e+00,-2.724273403407011074e+00,1.710313499776683699e+01
3.015839670946911966e+00,-5.453124481425297709e+00,3.099078466584134617e+01
-3.402523180710785855e+00,-4.219148473777720731e+00,2.038101076924038679e+01
7.191161323125774274e-01,-5.387512544831160710e+00,3.561249059775180825e+01
1.112816725367800963e+00,-9.790731775101722434e+00,1.048279048938852327e+02
1.594779581274991642e+00,-8.950543288417218690e+00,9.010934931320518615e+01
-3.679060874037419993e+00,-5.692310888423257609e-02,5.122868409228845898e+00
-2.674440148341817647e+00,-8.066928460435374149e+00,6.057187761841107942e+01
-4.234431035550361599e+00,-5.355514463824149196e+00,3.756089568518670774e+01
4.930551500548123300e+00,-4.409951058538544189e+00,9.684700397099149427e+00
-4.944048485711530994e+00,-7.303271325109681911e+00,6.307063929363414445e+01
-1.537598654682193811e+00,-4.743066812602856785e+00,1.250219270992160148e+01
2.004291722916882179e+00,8.390969551900361978e+00,7.948340073375239001e+01
2.126135170538984376e+00,9.790865491426345102e+00,1.043582654716211522e+02
-4.877766429589557085e+00,5.256480793057978218e+00,3.749415320948357078e+01
-4.888218932403076700e+00,-9.455177850646911963e+00,9.924620517107884154e+01
1.591230340555888745e+00,4.710768892835957899e+00,3.218925588976260599e+01
-2.811051564119591895e+00,-4.263235934908213842e+00,1.492963189185237383e+01
3.119814872720979793e+00,7.881098283935340731e+00,6.232947075583488328e+01
3.299879031785176053e+00,9.410969935328207470e+00,8.699009273040712742e+01
-1.340140171550174841e-01,7.830067808185766864e+00,5.997382954048492110e+01
1.816380576039930972e-01,2.683522157145674214e+00,9.007700419474502951e+00
-4.985740527953481660e-01,8.148055763019879549e+00,6.160907606514831514e+01
-3.708793986998641046e+00,8.510618642712181270e+00,7.780336706503581468e+01
5.501256847675817241e-01,6.772442689004911642e-01,5.686603541242894799e+00
3.523588463870705567e+00,-1.927618841574247455e+00,-1.201728034683746671e-02
-1.323471682667950233e+00,-3.371116513399872616e+00,1.668718076425983909e+00
-3.737507569626830062e+00,-6.836656318831819235e+00,5.235253168325083095e+01
4.228092416809607457e+00,-4.184172015940559319e+00,8.657268677535492785e+00
1.685157469816756404e+00,-1.538741500253557604e+00,1.230240428770893146e+01
4.762023868018784967e+00,7.682490011892831205e+00,4.903296836446231310e+01
2.244749689136393833e+00,-7.771535952643564116e+00,6.821037670787744389e+01
8.015894176438855823e-01,9.612079559054738098e+00,9.957669887219857685e+01
1.466764080621885569e+00,-6.817383544892039460e+00,5.642265364393160354e+01
-4.549636596257276011e-01,-7.876477075055515087e+00,5.764459441013788421e+01
-2.628505693177900504e+00,-3.815492578062831264e+00,9.649293169742890086e+00
1.370637570927311977e+00,-5.714136363391666862e+00,4.245170463512377523e+01
1.879826184578504922e+00,-6.520526226350886745e+00,5.204355298797275253e+01
3.217856439700804927e+00,-6.253644870065877548e+00,3.834617535611645422e+01
-3.200481714271682598e+00,7.971298909502873897e+00,6.413015659941177660e+01
1.374546979269709368e+00,8.726696968322190884e+00,8.596328819920542230e+01
1.330459400665847447e+00,-3.532623973303206100e-01,9.837372636317519792e+00
2.979936998631388612e+00,6.468018967545280162e+00,4.344479431705886441e+01
-9.841127783176961685e-01,5.409311441804158349e+00,2.093283777055966510e+01
-6.727798067270445159e-01,2.384212456475882647e+00,-5.471555392969751352e-01
-1.252061515440201500e+00,9.031945128553651614e+00,7.207970636225016392e+01
2.707141995808326485e+00,7.723891984320303550e-01,4.805706631902390669e+00
-4.472353933913272073e+00,6.748100814510614498e+00,5.525016103897085173e+01
2.422889185513001920e+00,-1.126308281509169618e+00,7.852664124051935701e+00
6.187543755414779412e-01,6.152863804886898436e+00,4.365794223275018737e+01
1.624452961316760202e+00,8.554461757653797349e+00,8.316442424437182979e+01
-3.227270575200029690e+00,8.610897352633003266e+00,7.500328459092904154e+01
2.688263605695198066e+00,4.106011193329788256e-01,4.548200777607953604e+00
-3.736652015986898778e+00,6.774257746899877475e+00,5.149614716534479442e+01
1.169994480717750918e+00,-8.217130688165326546e+00,7.672872119003682201e+01
-3.803008339890267209e+00,-4.570815921183422503e+00,2.703470436919467446e+01
5.567195214342159915e-01,-3.412070968850382968e+00,1.692626772133623092e+01
-3.801331122236588644e+00,6.951901344687293260e+00,5.445803453896782287e+01
-3.963158846947255398e+00,6.320448369312117620e+00,4.727020181791112208e+01
7.970277589131935514e-01,-7.776443510199571030e+00,6.762589511736619841e+01
-2.261215566171296487e+00,2.457548403072514986e+00,-1.670246704314301667e+00
-3.345390201248632511e+00,6.712353834552171605e+00,4.707959138870220528e+01
2.168648972801145547e+00,7.584320303583503176e+00,6.578737645119203137e+01
4.568164425014744623e-01,4.133733716018054949e+00,2.149868670917340552e+01
-3.754978050365382902e+00,-2.279741675299565173e+00,1.095361216378183578e+01
-4.670680002517894280e+00,-4.132735492617085171e+00,2.707080571866676166e+01
-1.513963102936699556e+00,-1.575262426402602500e+00,-7.502402557908535385e+00
-4.376748374916349604e+00,-1.752808696555623769e+00,1.251433337209751073e+01
2.479951428732986685e+00,3.235194101659935484e+00,1.661060668068479274e+01
-7.596705805678709567e-01,-4.036402877619664764e+00,9.405721863777060321e+00
-1.273837224728747941e+00,-3.365131297716541070e+00,1.761801475842908360e+00
-3.812183708684178107e+00,-7.741056632744367505e+00,6.613844939464328831e+01
3.983348133050451878e+00,6.222754080424902412e+00,3.126453145280001777e+01
3.890010067163995444e+00,-6.451687145407134949e+00,3.481946756195407033e+01
5.096572922418438623e-01,3.012488212635242135e+00,1.395386645033862649e+01
2.322485185390319451e+00,-6.065620192336369954e+00,4.409711466232989352e+01
-2.338233182621407558e+00,-9.796000932788277993e+00,8.876470823111267805e+01
-3.586084080657292450e+00,-9.229722426990171869e+00,8.948776389228028449e+01
-1.449926292031522568e+00,-9.173152281900343041e-01,-9.085573835396996145e+00
-4.869369437047446070e-01,8.197797904952668802e+00,6.252467999642567520e+01
2.075962612511924377e+00,-5.948413080034226752e+00,4.413455829131984132e+01
-2.243704191548666849e+00,-8.857501419306288426e-01,-7.035572798990955334e+00
2.519443348287434326e+00,-7.345857309349370645e+00,5.978945051355740503e+01
-7.400035595408835931e-01,-9.076521951446089531e+00,7.564034533275372496e+01
-1.168964807267560690e+00,6.894852761147525655e+00,3.833553237519411994e+01
3.430712679479494653e+00,5.402452477495419458e+00,2.633540392461960522e+01
-4.374580236191514260e+00,-7.978870219311302137e+00,7.309720154766536382e+01
2.888843540184452330e+00,1.368403851388162451e+00,4.373195811833762825e+00
2.259619620850833677e+00,-6.521464948428099540e+00,5.024945005320047642e+01
1.314981325535828915e+00,-7.699173707275508427e+00,6.895184971491900683e+01
4.214397663589000587e+00,2.119466795870899034e+00,-4.293298549518932639e+00
-2.840571276086048869e+00,4.180504062822514300e+00,1.451165610382470561e+01
3.637494338689947426e+00,-8.267092812055913953e+00,6.358657443585870794e+01
-4.321163356462280447e+00,-6.184176179982021182e+00,4.748845899785241897e+01
4.150518290072648497e+00,8.568935459480538697e+00,6.496405546632331607e+01
-4.753311725795366094e+00,-3.112310726519911697e+00,1.967810587143729606e+01
-2.569267728952724372e+00,8.609975853842932736e-02,-5.408466280186800645e+00
-1.887539923262284702e-01,7.570003839457626782e+00,5.542860649064857625e+01
4.461359729214908754e-01,7.666984004482003456e+00,6.309747316114399496e+01
3.403622859367986919e+00,3.630893103531988686e+00,1.059296481674487111e+01
-4.017056463345248574e+00,1.855958978516245139e+00,1.112299093258124927e+01
-2.509167811020015293e+00,4.345662932234100495e+00,1.297376268581416525e+01
3.020143576289843423e+00,-4.402594664751391385e+00,2.059434715765261004e+01
-1.049441301715931196e+00,1.448767099884484821e-01,-8.650461720277364819e+00
5.405058509015328028e-01,8.618721766954955399e+00,7.942806288182768526e+01
-3.701509825427740097e+00,-9.292973939757791513e+00,9.167052484016970482e+01
-1.301722416737185473e+00,4.715837859026537515e+00,1.259895170916858120e+01
1.376844008288934162e+00,-9.690929381914646257e+00,1.037266136523412001e+02
5.044703510712498229e-01,-1.947307349176448099e-01,4.871358431741776407e+00
-4.496803571588064763e+00,2.612530118918902744e+00,1.659382693571982870e+01
2.522497655744508904e-01,-8.786690201957069846e+00,7.970175627633018678e+01
3.830811768215177437e+00,-7.118412042989666233e+00,4.431244267902636125e+01
-4.873279106575987285e+00,3.073402698080982987e+00,1.931665493440819148e+01
-7.419669319026294119e-01,-8.910515571702717352e+00,7.263989651646080858e+01
-4.186332037340127599e+00,-8.480310745523595983e+00,8.056360738847720881e+01
2.401314623380573998e+00,2.882785287164601584e+00,1.505538303321158367e+01
2.712064255060115947e+00,-2.352793943466695126e+00,9.700060205447485373e+00
-2.992376278689756752e+00,-5.093554895106853664e+00,2.445766886111196925e+01
4.505494231645242209e+00,6.824839169911133041e+00,3.679169450834231014e+01
2.466645412698001749e+00,5.565241603276781746e+00,3.722047536739769669e+01
-1.628809920611581141e+00,7.697651656229794526e+00,4.927066418689562965e+01
1.829913079841198886e+00,-3.544090113798787911e-01,9.791772415014760256e+00
-3.565891747698390013e+00,-1.724921459901203491e+00,7.092175323830351097e+00
5.624182780688027350e-01,7.861961431735149830e+00,6.714277296580650045e+01
-2.607895872696385453e+00,-2.304022029851902076e+00,2.213226312457852174e-01
-6.031207553006190381e-02,8.751612727658454105e+00,7.598797015974329838e+01
2.759086605880387566e-01,-3.092681559452090667e+00,1.228889265396025365e+01
-3.301651251394241982e+00,-9.651364666620647625e+00,9.474260048501332676e+01
3.314815523213701098e-01,7.148124540109598968e+00,5.435012727567270474e+01
7.022201535447401000e-01,-5.017146787396660201e+00,3.163090353864260962e+01
2.718222667821451388e+00,2.938042754303172188e+00,1.274044751155065569e+01
2.135471512882669565e+00,-4.888379527412219261e+00,3.234387906774682619e+01
3.489891906710733238e+00,-6.831101467528770677e+00,4.325095048874050008e+01
-3.342644268886818537e+00,-6.204050573748483011e+00,4.048724225919671937e+01
-1.220728613863759637e+00,7.280771528774529600e+00,4.361613913343137483e+01
3.664541557374887404e-01,6.377741177772122683e-03,3.583113455863882635e+00
-3.741330912303032719e+00,5.955178428828968862e+00,4.110841441569228039e+01
-2.731612478523429921e+00,-3.220141266687703840e+00,6.383398316958663443e+00
2.391327528884854559e+00,-1.103193814208424328e+00,8.035363840307296002e+00
4.493958128978691846e+00,-8.327486089395781832e+00,5.958463774452147277e+01
3.240664127384283333e+00,9.556289420840396787e+00,9.033357263185307318e+01
-3.376478720679846113e+00,-6.153750031623235195e+00,4.019596127782846651e+01
-3.003804139354155911e+00,3.974574284731083651e+00,1.442371147864095526e+01
2.710231789469910169e+00,5.403536518884424211e+00,3.337928086001980432e+01
-1.208891022870234089e+00,-4.533632076694845026e+00,1.120158044816709619e+01
5.261050388935686328e-01,1.806121042173188584e+00,8.283762369699815054e+00
4.991087709774742365e+00,3.442979698895925367e+00,2.239966826882675122e+00
-4.615877312171814850e+00,-2.332850084328752516e+00,1.539565314420332065e+01
-3.131757572821162405e+00,4.904176212612785690e+00,2.395259510222260246e+01
1.344730381115656570e+00,-5.621833420414845683e+00,4.135056834740514375e+01
3.501466073440598237e+00,-3.798804753992737204e+00,1.090935991402110972e+01
-1.451125393072409953e+00,3.794566584075148796e+00,4.470255807473433762e+00
1.204472012307337359e+00,9.397546746875487855e+00,9.765038715014708259e+01
-2.040828672141027589e+00,2.338930103870390909e+00,-3.444942358861683651e+00
3.450232069331784501e+00,6.588519522813975016e+00,4.037096325831063837e+01
-2.600604802023718243e+00,3.767417511877555469e+00,9.043604413607047476e+00
-4.497378090120931482e+00,-6.470153671078541890e+00,5.163262923476276001e+01
4.081514223248696283e+00,4.888301600125151580e+00,1.582037412733201620e+01
-1.574678134888474190e-01,-7.804305973417864806e+00,5.933901317768641093e+01
-5.601535686850001028e-01,9.352536912117901835e+00,8.215678365742728317e+01
3.507259431575754149e+00,-3.789207194646218468e+00,1.078237048153555122e+01
-3.413709736133501149e+00,-4.706711099459361947e-01,2.909243493291959748e+00
1.832560430809269114e+00,2.343239019330864537e+00,1.515011867974754622e+01
2.225869711186589939e-02,-7.816750314395884303e+00,6.132415406907793454e+01
-2.475581293597772792e+00,4.305215904153056883e+00,1.235633724970442771e+01
1.022317039488468637e+00,-8.494564711818437530e-01,9.254760227403302508e+00
-7.681862481782530949e-02,-9.681341917546342657e+00,9.296095037749319090e+01
-3.814957631176072450e+00,-4.098274623148787654e+00,2.303205497339037677e+01
4.993392400913959861e+00,-8.351141415193589879e+00,6.013378640050622437e+01
1.125981628412811020e+00,-7.659896047396252960e+00,6.770091160132682262e+01
1.249947860424638790e+00,-4.917195368792093291e+00,3.366849206778633175e+01
-4.114129109358333203e+00,-7.511044261351836226e+00,6.467895505162186964e+01
-2.955488162825647969e+00,-3.679907907807042911e+00,1.169140155874367082e+01
3.620011923798616138e+00,-5.560281593122731181e-01,-4.294597685062755410e+00
4.913448397255193001e+00,-4.656754926608559941e+00,1.188681090405114915e+01
1.370692204331089847e+00,-3.755511927169827402e+00,2.390432870099866847e+01
2.216351597780732874e+00,-2.327080546999271249e+00,1.340296202941150128e+01
1.720761050533540448e+00,4.313465335158621627e+00,2.849374668700946245e+01
-9.804032434338179058e-01,-4.689519742938026425e+00,1.368437623291820593e+01
-4.550434371672679390e+00,-2.807692102293466441e+00,1.775227487099437340e+01
3.585982622633460792e+00,-1.328498075351296492e+00,-2.534164661716276967e+00
-4.452243294902723747e+00,1.415626261435821931e+00,1.166752286181759501e+01
1.869200184121311281e-01,-5.997657442587430054e+00,3.783022928873440094e+01
-1.743602693539779480e+00,-9.572925848930310622e+00,8.178984832176901421e+01
-4.887713303335889492e+00,-2.030699110450684408e+00,1.397043907570015975e+01
4.332649409636164961e+00,1.303768448063113539e+00,-7.587799860065403301e+00
1.274654036838063220e-01,1.248979485000027978e-01,1.286804695452292702e+00
2.546584254910035483e+00,8.201627427144710936e+00,7.287184955202246783e+01
-1.487573256198422289e+00,-7.208338866074035067e+00,4.199475962242461691e+01
-4.433536667716092339e+00,3.604079738911261543e+00,2.260311051616611522e+01
-4.128136908196443855e+00,-9.251202405857616995e+00,9.392599453351189709e+01
3.143218114358639070e-01,-1.369146103407636872e+00,4.966276860452134123e+00
5.117963104825680176e-01,3.456187769692570910e+00,1.684267568476542465e+01
-8.116765244417436520e-01,-7.007879885830730515e+00,4.185595932508208250e+01
-2.681346813696379172e-01,9.136102057353490125e-01,-1.814648730862148840e+00
1.975928321640134655e+00,4.962099079805055268e+00,3.381293108494252664e+01
5.650715455092800710e-01,-3.083455690511947012e-01,5.449839401576991982e+00
-3.660703558604719632e+00,9.641046871600934765e+00,9.791086845916055381e+01
1.380860930224327099e+00,-5.923770592888633502e+00,4.491122237717523547e+01
4.660992837538845635e+00,-6.014814579637997483e+00,2.619119933773825082e+01
-8.839304625435868701e-01,3.978891664750685564e+00,8.099206702102758726e+00
3.215747933993160501e+00,3.966360189972917283e-02,-7.393001557206038132e-01
-1.994643115883167894e-01,3.263766128475174000e+00,8.670726421317203503e+00
4.336202643425433934e+00,-3.093573332424453426e+00,2.694715172893786814e-01
-3.887463241958831972e+00,9.021633560959990916e+00,8.817598723251299475e+01
4.495772248897637269e+00,5.310759943723565968e+00,1.843786925954048073e+01
2.960748406678010980e-01,5.687641489284702701e+00,3.526694662899193844e+01
3.943813550000147217e+00,9.245690651946699035e+00,7.829377929228067501e+01
-3.181500342932903624e+00,-2.836030509291498802e+00,8.442040021613951950e+00
4.190819086557137751e+00,4.887382154041699067e+00,1.521612370426774241e+01
-2.703446250851765598e+00,-9.138924781191802182e+00,7.927732926533590785e+01
-4.515553531762260597e+00,2.612425623285339782e+00,1.663167132438001516e+01
6.392183412452556723e-01,3.270460015717633340e+00,1.666159165255387364e+01
5.229713530420969647e-01,3.992657809442762940e+00,2.093588176078737462e+01
-1.430647922217469503e+00,9.998126779790148078e+00,9.006058634004158137e+01
-3.601925851632889142e+00,-7.350072390939024203e+00,5.846603060459325008e+01
3.716392495034634536e+00,8.525103666882074549e+00,6.724072444836556883e+01
-2.490695782875558262e+00,8.361911604500416928e+00,6.386256421661578031e+01
-3.957398856280661903e+00,4.837810149782731273e+00,3.068719015520855464e+01
3.165964501885074611e-01,-9.297625184866028292e+00,8.955917382659403359e+01
3.745698711192927632e+00,-3.793763387882038707e+00,8.712374847214347184e+00
-1.182729505981623408e+00,-8.431543735498532754e+00,6.183450672907878953e+01
4.813655680967116268e+00,6.951179657193979011e+00,3.837012954651000740e+01
-1.958827031162881926e+00,-3.784563039042179611e+00,5.066357703458143291e+00
-2.285100873319296788e+00,3.620545523551584211e+00,5.552859788275428699e+00
2.305096914821702647e+00,-2.071210900161101875e+00,1.171291047901124927e+01
4.256496047713911324e+00,-8.810614779513436190e+00,6.864825019429574127e+01
-4.052401743055074057e+00,-2.323571961996542257e+00,1.329898722698960434e+01
4.422979899940637338e+00,-3.467390416950375531e+00,2.438669473938160692e+00
-4.567459745990638531e+00,6.022790476699753981e+00,4.616916641111644992e+01
-3.381630168838580808e+00,-2.719377444019810852e+00,9.772404345500108391e+00
9.110356088038660261e-01,8.787515682394353433e+00,8.512182103544857625e+01
4.839020768555448271e+00,-5.745337529283601086e+00,2.308897428953235931e+01
9.329897890857488107e-01,-2.481579139700120784e+00,1.419227255622676154e+01
4.649315912566972742e+00,9.493687081785989079e+00,8.014997887292682321e+01
-8.971639378579157054e-01,7.351143274665599137e+00,4.622369907217899510e+01
7.258219379582691033e-01,7.223673636259334785e+00,5.881896518998375711e+01
2.486115891104562436e+00,7.838805320300402002e+00,6.754224154541491032e+01
3.231948799375455650e+00,9.547884383530892194e+00,9.025976372268304715e+01
3.480633479755200099e+00,6.272667287022624549e+00,3.602052816102981581e+01
-4.077298729390408383e+00,-3.856570282130300953e+00,2.292331592435386511e+01
-7.703170651963873183e-01,-3.559531358387751254e+00,5.706635210149388016e+00
-6.964730836217922771e-01,1.103411054425810889e+00,-5.197645561376324608e+00
-2.098083605342671021e+00,-4.180643265261401176e+00,8.836025458005124733e+00
-2.683672047632107649e+00,3.693505476049477210e+00,9.221143678661734455e+00
3.215672828472644795e+00,-1.019029251234487177e+00,2.982962510470150708e-01
-4.546541762052723534e+00,-6.875839479302512380e+00,5.713995698275495272e+01
4.098886730620121099e+00,-6.135114011197631001e+00,2.946325722814721004e+01
3.509646644814189642e+00,-2.981921570855440962e+00,5.293851942690912971e+00
4.859302341586847263e+00,2.406120077127900103e+00,-4.102862460104624631e+00
-2.726564898135646065e+00,8.721996868080971410e+00,7.204107606982033474e+01
1.122497222668807915e+00,9.433499951971317188e+00,9.800277764945019499e+01
4.750848347559372797e+00,-1.117508570035498749e+00,-8.743779892820144894e+00
-4.895775634859097281e+00,-4.639535363905462617e+00,3.135760579877107190e+01
-3.308769466900308487e+00,9.452016691743050814e+00,9.100461142843253981e+01
-1.200475662570203106e+00,8.015740224523714375e+00,5.492997794162388203e+01
3.879785863594776174e+00,8.441942770481645653e+00,6.453687219860992741e+01
-3.711585809987042239e+00,9.779186956577312628e+00,1.010287604025468653e+02
2.056967502351529475e+00,-3.558739180346758957e+00,2.150590786038885227e+01
2.692642492201224869e+00,8.123882807635705916e+00,7.033767157668152947e+01
4.616067987143701146e+00,7.257726840982954286e-01,-9.426901196375419900e+00
3.382881413922810054e+00,-7.304194289728682676e+00,5.096171171678457767e+01
2.655211565997479539e+00,-3.997018135532870886e+00,2.065045125610042476e+01
-9.740444835843575788e-01,2.314242116953993289e+00,-2.915936475226883040e+00
-7.388297064393176683e-01,-7.784509164356895994e+00,5.386435067917213360e+01
-4.208430387724748201e+00,-9.312250363074110027e+00,9.547478522835932324e+01
2.930982058716545602e+00,-2.798402007383556267e+00,9.921624211045877217e+00
-3.746788057494316870e+00,-9.113098931731505203e+00,8.873779999473391911e+01
-4.161413575118590558e+00,4.185344523211078638e-01,8.695313934902388908e+00
4.706508017650804732e+00,4.359836012721165943e+00,9.008342985935374969e+00
3.826229107057127266e+00,-3.815221578944054670e+00,8.232001372898054115e+00
3.529885202696615210e+00,1.381504902568714499e+00,-1.877530453096663221e+00
-8.537216639572351440e-01,1.156769961551535886e+00,-6.199197576570144363e+00
3.054261059230224618e+00,7.820470793603572446e+00,6.203196969837240005e+01
4.942302993622954332e+00,5.849709557356522538e+00,2.448224196087986826e+01
4.329104727041968914e+00,-3.339288871653371515e+00,1.876435842923450892e+00
-3.622616204455112232e+00,8.973847147293646742e+00,8.515680080209806135e+01
-1.483630720974863593e+00,8.128178285031026462e+00,5.610524740052407111e+01
4.683416923797476983e+00,8.637452783792308963e+00,6.460978719899799216e+01
-3.207031561167382527e+00,-3.639805604692963215e+00,1.390210697271498219e+01
3.206148011243163509e+00,-4.292515714456088816e+00,1.778058586827131649e+01
-4.959376833975049692e+00,-1.043700850340878006e+00,1.078584388551105988e+01
4.875688211023820884e+00,-1.436756672607462093e+00,-7.802693102508417411e+00
5.537894409332579926e-01,-4.687007100912370383e+00,2.722717616065752821e+01
4.293440213386141124e+00,-7.909006952207889185e+00,5.341722010052028935e+01
4.154057111708144845e-01,-4.322321211486215731e+00,2.271807235632783062e+01
-2.975686042752769822e-01,8.521898283307180577e+00,6.969078500719550107e+01
-8.228659101140536336e-01,-8.723410578493741241e+00,6.876691202998664210e+01
2.933188661216848736e+00,5.786373220458900235e+00,3.555110194855100048e+01
4.499338246458556512e+00,1.054407571322926174e-01,-9.762786334431336144e+00
3.626986718491279404e+00,9.303024181605902498e+00,8.188068949766181959e+01
1.094983322264974746e+00,-1.996559907989645666e+00,1.287545756153307508e+01
-2.563117906815215452e+00,4.027575013602650245e+00,1.075388566548425118e+01
-3.623488741715912287e+00,5.994266016496556659e-01,4.993913900687905638e+00
-2.945167355008343257e+00,-6.920587891973257300e+00,4.594289053527954536e+01
4.892380366356603005e+00,6.136081416099461450e+00,2.781304279582722927e+01
4.553837560229800019e+00,8.102216020704553046e+00,5.577133411968750920e+01
6.304969102973609907e-01,4.114083131349453026e-01,6.064718823910668632e+00
2.877022133205419330e+00,9.478829234305568008e+00,9.246315121763591094e+01
-1.969264147638113194e+00,6.887826166637619707e+00,3.822558358873733653e+01
2.810738158773650852e+00,-7.191906293586605159e-01,3.765748144087725624e+00
-2.172358992492276819e+00,5.567224969103625298e+00,2.274947125520013458e+01
3.199662243917684279e+00,2.777069977582629079e+00,7.131748060671932343e+00
-1.660570278074726680e+00,-3.906600787698295107e+00,5.301799469472639359e+00
2.107139961038067888e+00,3.518655538757629486e+00,2.097676493100553330e+01
2.867950068476016412e+00,4.017866653591644521e+00,1.884565521498757334e+01
-4.044346130193140709e+00,9.092485422454291921e+00,9.052364642276276641e+01
-2.182277708595181664e+00,1.384720938776604626e+00,-6.270532755425021421e+00
2.606297972276074404e+00,8.496138536327187296e+00,7.728531525224687471e+01
-1.609088627249063208e+00,6.466497125197165019e+00,3.182291567574880276e+01
-4.770547771432535278e+00,6.036134331621418880e+00,4.641801021101641567e+01
4.382194933653094537e+00,-4.255908732603545630e+00,8.652964677980889974e+00
3.310630023948672118e+00,8.832235726482519311e+00,7.632605275099258790e+01
2.782037285763277801e+00,-5.551423509483228713e+00,3.433688366792326008e+01
-6.863489311889150457e-01,9.165851511414626174e+00,7.767566319335362834e+01
-5.763418021367119337e-01,2.066309009249520656e+00,-1.179970386307076957e+00
5.495262129337934454e-01,-8.219847298003488234e+00,7.278872215438225624e+01
4.717240775354561322e+00,-8.084822379359639655e-01,-9.346238771600793527e+00
-3.695119303012222023e+00,-1.635789978418900503e+00,7.932714127672380933e+00
-4.480737021817377652e+00,8.350211540365506835e+00,7.945891734087356895e+01
-3.098209899529059896e+00,4.506893616473293562e+00,1.987839859861429304e+01
1.434779351223873789e-01,-4.224682553794130158e+00,1.927780438768343174e+01
-3.060741892326539482e+00,2.637945876203581008e+00,6.151131393531241720e+00
4.954284037705079413e+00,-8.277937394303084062e+00,5.881538979535235967e+01
3.324208534988654762e+00,5.085031744162776590e+00,2.404152207542887965e+01
-1.899840758662527662e-01,-9.306689569645314464e-01,-1.022287866400307665e+00
-4.649791075105370375e+00,5.721072737099694550e+00,4.271108717138324096e+01
-3.875933459197423936e+00,6.417672629098230885e+00,4.788750196730706676e+01
6.273878368238623437e-01,5.182361391716863608e+00,3.272719010092876601e+01
-2.781603662768281637e+00,-3.170527670249962959e+00,6.529606409835023939e+00
-1.088713710513447008e+00,-5.666652022404012889e+00,2.325063223233144782e+01
4.442429643859036048e+00,-2.814629045616565683e+00,-1.715680753531724001e+00
-3.143743741423417060e+00,-4.065195545476631978e+00,1.654732568471018084e+01
4.957080430783911140e+00,5.725618597730420589e+00,2.308058713218941094e+01
-4.793526675022636852e-01,4.348903835837917953e+00,1.430091559145656355e+01
-3.872757161940096005e+00,1.836741919123001665e+00,1.005099032203763798e+01
3.852656701766745684e-01,-2.788614711085626752e+00,1.153442546882669539e+01
-4.322534045606061248e+00,4.396381425669616760e+00,2.857781166239148263e+01
-4.456680234917227423e+00,3.554976267677318447e+00,2.231269901250011145e+01
2.312288624642512502e+00,-6.042579623384700227e+00,4.388738348931080679e+01
-4.880544438943200447e+00,3.404669024192731541e+00,2.145072270372997636e+01
-2.280846116097464460e+00,3.997854995170129655e+00,8.399550355389834522e+00
-3.254863286830498303e+00,-3.643704496794133441e+00,1.440686819739948099e+01
-1.057286778647794634e+00,1.069418569857635504e+00,-7.566602470947190184e+00
-2.132929095447665624e+00,-3.129921618002889261e+00,1.335206458384389450e+00
7.454390236557992822e-01,-8.461759162096846865e+00,7.838431277819834975e+01
3.951664090532620577e-01,9.006478020086511549e+00,8.496626411094071329e+01
-3.483496932407152968e+00,4.991531076172917025e+00,2.826820002577080970e+01
4.754474455391203946e+00,-9.728141588746888502e+00,8.464559339968991480e+01
-1.981540353484771089e+00,-7.257047436941190810e+00,4.349649757184252508e+01
-4.424156071485725761e+00,-8.131002432289749393e+00,7.570067738161181126e+01
-3.879964027639529967e+00,-1.995810380066824763e-01,6.770675879267884945e+00
1.561269506218971870e+00,2.396140139102193700e+00,1.574103376809750543e+01
-4.985254521255509275e+00,3.465401665893626415e+00,2.163903481261313999e+01
-4.439636970274474237e+00,9.608533425836647268e-01,1.055357114691507903e+01
3.127881930541180466e+00,-4.699437230475213667e+00,2.222181321804379550e+01
1.124973452883991420e+00,-1.759618531738649239e-01,9.053524046653867785e+00
1.309353431375871679e+00,-2.894857755712276770e-01,9.743982333521129746e+00
4.030184115276608026e+00,6.243168556439997019e+00,3.121530936393688194e+01
-4.345229133042249892e+00,2.824672193717940871e+00,1.731227927160298563e+01
2.061584247342597820e+00,7.203256573471364277e+00,6.070652295282367561e+01
2.688019034964334253e+00,4.944829125963590144e-01,4.626319394682421482e+00
5.808975668449694041e-01,-6.485360613042914224e+00,4.754764725202304021e+01
3.469316241460301597e+00,3.471258453254788989e+00,8.830749165438188442e+00
-4.691050999465405269e+00,7.654293334924460623e+00,6.858592999629692599e+01
1.492965558525447989e+00,-1.840413789208072970e+00,1.335685005949942550e+01
4.830053793228799464e+00,3.790557762059549418e+00,4.437473356830144766e+00
-3.221640990273080263e+00,-2.433578833416967235e+00,6.721934698096824867e+00
-4.630276440240229441e+00,6.321556842267277432e+00,4.992838750155281957e+01
-4.013142363099698962e+00,-5.350937685786041342e+00,3.628580724368708843e+01
-3.369864191292879507e+00,1.454530927857422995e+00,4.378602601783388337e+00
4.405304073013159183e+00,-1.812541088032117997e+00,-6.246882768775325445e+00
-2.759257068563176762e+00,2.618235542659675730e+00,3.124273047032242179e+00
-2.080443404909584348e+00,9.664307555533184768e+00,8.466967311068916047e+01
-4.112662788022038107e+00,-2.708295238388398474e-01,8.328250504896484330e+00
-2.584147785827562771e+00,-6.551485787164672558e-01,-4.860976514323834152e+00
1.917707334712145162e+00,-5.325637653825411988e+00,3.776669080076063523e+01
-4.507406417212989957e+00,-6.292574713253014096e-01,1.018661030458152617e+01
-4.364114256399975744e+00,-6.505228019512871995e+00,5.171762066444911454e+01
2.163472855944813311e+00,5.765594214805648932e+00,4.153656253014367650e+01
4.110751263363647823e+00,-5.322180239826026948e+00,2.008150466609008333e+01
4.188594612813288265e+00,9.526533879715369579e+00,8.209557184903395921e+01
-2.271522743859391014e+00,-7.644302086434677790e-01,-7.059386604190931891e+00
-3.964879436190826834e+00,8.523603880242660580e+00,7.998566499953918196e+01
-1.228408114521748473e+00,-8.899843810392916055e+00,6.978766445146477793e+01
6.360782939312219497e-01,-9.660406364352612130e+00,9.926390385705542485e+01
-1.423834547970495912e+00,-2.536232775291400898e+00,-3.459728707252841318e+00
-3.190175095881195855e+00,-1.581558334339352001e+00,2.986960098902728955e+00
3.491889061685744977e+00,-8.200898590023344426e+00,6.382297538319226504e+01
-1.005433626964101990e+00,1.790125921002385212e+00,-5.239392683439677789e+00
-4.953209873690348708e+00,-1.446922006023294571e+00,1.180500848254908952e+01
1.954368737146890744e+00,4.610624442839272419e+00,3.053119407704505761e+01
-4.919818850623041584e+00,1.091114711918471869e+00,1.097616584360917713e+01
-4.701258165255955745e+00,-4.084622083994167596e+00,2.668351810022150516e+01
-1.913069718096480631e+00,9.799308752284218826e+00,8.660651118954666572e+01
4.908479812553112609e+00,1.563599977597526447e+00,-7.363512301461735632e+00
1.215171456879873269e+00,-3.590525768238386206e+00,2.226616636252033032e+01
-3.908085531049282579e+00,9.715095436549816554e-01,7.879962412431258834e+00
-1.908298289987460983e+00,6.130653090542274697e+00,2.814905945446241731e+01
-2.481467258554785005e+00,3.566998046077998197e+00,6.591315978160251277e+00
-1.110750595791335726e+00,-7.338046823056041390e+00,4.488660923340182762e+01
1.968112935263378382e+00,7.925572230106766369e+00,7.203572156005398597e+01
1.092108981946150692e+00,-7.996392794980382135e+00,7.281830088405943968e+01
4.043899538890403988e+00,3.676632560290650886e+00,5.670038914070482328e+00
-3.713941273210206173e+00,-5.793952636717987659e+00,3.898596579409689156e+01
-2.174651496660971794e+00,-8.679673345373570825e+00,6.710520243785148864e+01
4.050632562021529992e-01,6.904509996468163990e+00,5.161302727642354427e+01
-1.772963031138327317e+00,3.423123348582485903e+00,1.921435259981079113e+00
4.787443453074851973e+00,1.650738023944667177e+00,-7.246911326403405518e+00
2.653032512042321045e+00,-8.031899200717200316e+00,6.920495443384966450e+01
-4.262757382213660406e+00,7.868313534073855919e+00,7.091643070392041182e+01
-1.578826499370613590e+00,2.804847918530871453e+00,-2.132505737287615055e+00
-1.456043491053451433e-01,-7.352352666881576404e+00,5.260618563524042202e+01
4.891668683244672522e+00,9.688359637285980597e+00,8.402458854095327467e+01
3.812357211309258531e-01,2.334998514849679907e-01,3.775199745000129337e+00
1.998417897742980287e+00,-8.451943106287078677e+00,8.053488902584626885e+01
2.446341650559046066e+00,-9.396997767203401963e+00,9.470934906845673140e+01
-4.810706960689092426e+00,8.695864219497948966e+00,8.556976131838679578e+01
-1.726380425688596176e+00,-7.341753917456710354e-01,-9.340198384089791972e+00
-1.972132149211147656e+00,3.836650965409365455e+00,5.514490844114350310e+00
4.780493835297832561e+00,-8.331942043112670504e+00,5.944444060350458869e+01
-1.126957423606352648e+00,5.580831651633751278e+00,2.211458332256918879e+01
3.846061912803419247e+00,3.214511488009843987e+00,3.856788906849915044e+00
2.866269831738127216e+00,7.333887351270604427e+00,5.650447982798311841e+01
-4.230122238359830256e+00,-3.491777421595221753e+00,2.105196866866533156e+01
-1.627224090729886274e+00,-2.967174800049312111e+00,-1.179957467142694227e+00
-2.195257974876667628e+00,-1.997835768286595481e+00,-4.121432145069185538e+00
1.146544780943781205e-01,-7.049132446981012379e-01,1.640937101471240389e+00
4.762876273389519355e+00,7.198767343067984825e+00,4.183499338644708132e+01
4.342208612618691177e+00,6.829751620581635763e+00,3.732288613210457839e+01
7.163880305508509849e-01,-8.403955970538843800e+00,7.719312472758082322e+01
4.700849863665343520e+00,4.307013812099878436e+00,8.551033726305288241e+00
-3.142606391198974336e-01,-3.324996459764324896e+00,7.964467407816726130e+00
1.127846527136853183e-01,5.036070146752077648e+00,2.648745946480145719e+01
-2.601344328009172813e+00,-5.443285888991598043e+00,2.448587160124528950e+01
-3.895281024715734119e+00,-3.067056349652736991e+00,1.625016322666614599e+01
-5.143097919240364746e-01,-7.146647337293772217e+00,4.615522767665038373e+01
-4.549470900585816047e+00,-1.804202251696370496e+00,1.312272754086907156e+01
-2.254427614333090801e+00,3.696660650169516060e+00,5.912457273825597603e+00
2.662876362033006927e+00,8.652315176140856323e+00,7.946895943225889880e+01
4.966329205030209692e+00,-1.536935557295420196e+00,-7.317129849752001647e+00
1.350440041700506910e-01,-1.682514428939619222e+00,4.177193950267092504e+00
-2.150025224033035087e+00,8.545372477932694721e+00,6.465454094696532650e+01
-7.263982853538699658e-01,-1.151396797638655656e+00,-5.316099512584090192e+00
2.767814477778218318e+00,5.619127882668040641e+00,3.522595155430963132e+01
3.218874742758698559e+00,2.450646894501065987e+00,5.233618361684074571e+00
4.504472428981088683e+00,-1.149135466362078972e-01,-9.771425948786101046e+00
1.438679410911467116e+00,-4.601300004001966926e+00,3.108481420268438455e+01
-1.983825345779042237e+00,-9.173766808449698829e+00,7.499890523408539877e+01
3.677056375000219646e+00,-8.435168935311299521e+00,6.604967587145047503e+01
-2.193906938984229171e+00,8.105496333476406079e+00,5.757839934178984720e+01
-2.496552793069505505e+00,3.899360343885067692e+00,9.192708185774531415e+00
3.386447129448368898e+00,-8.396868120009974845e+00,6.808324278664535711e+01
-2.762474345356851213e+00,-8.942936985586193543e+00,7.627510663434161131e+01
4.893038330603362240e+00,9.107377634435273706e+00,7.310705505139192439e+01
4.909441573445986862e+00,3.311228466194748421e+00,1.157755161941809163e+00
-1.561070921932564914e+00,-7.534604897587175998e-01,-9.431824376601376514e+00
-4.863629587259509890e+00,5.481020357098413953e+00,3.992743338590450719e+01
4.461771122253358257e+00,-3.140159772338463995e+00,1.730096334936241931e-01
-4.541712510026351346e+00,8.262261614147611510e+00,7.811966792627929124e+01
1.103036766822197201e+00,4.037186453305581679e+00,2.522468160138998527e+01
-3.247382962726731215e+00,-8.241196352925395985e+00,6.897324825322432673e+01
5.649601849994869696e-01,-9.667523659333781438e+00,9.881483558669096112e+01
2.662066199574788072e+00,-5.124636274356840104e+00,3.087548785342164592e+01
-3.294078006224364863e+00,1.019339093566555832e+00,2.558003319767453654e+00
3.679236321815155364e+00,3.874413321781881692e+00,9.889943388138437541e+00
-3.198541232716119787e+00,8.667542313520403496e+00,7.569546777742003485e+01
-4.514015271493690307e+00,-2.875732279799279034e+00,1.807371990322163668e+01
7.831664402446580908e-01,2.285026416943289007e+00,1.227661527631171623e+01
5.172249059548539307e-01,4.537269869269337619e+00,2.553151734482720414e+01
-4.185058372282491668e+00,-9.716966575582260290e+00,1.030609740458537260e+02
-6.045138650956971560e-01,-9.418799042919056674e+00,8.303015379000123630e+01
2.835287248538342020e+00,-5.032716916754313985e+00,2.834362032042204760e+01
4.569221745959193726e+00,-8.358967667216063546e+00,5.997464981570641385e+01
3.950451144296785344e+00,1.413761706792564965e+00,-5.236274174242581125e+00
6.595773645465961010e-01,-8.616666037720383642e+00,8.037476279061131379e+01
-2.485322804898761895e+00,1.172607802729178417e+00,-4.726648968907017689e+00
1.153533355141309613e-01,-3.453590722879063435e+00,1.307826570996012627e+01
8.674917386828973065e-02,9.268731912949988327e+00,8.677579538231866252e+01
1.701829405377731419e+00,7.805139866027694495e+00,7.083448275184905185e+01
-2.699397872192692560e+00,-6.934444838455464222e+00,4.380728352055679409e+01
9.359831891481444899e-01,-3.085506253987661651e+00,1.757217409303179778e+01
1.395873951984338390e+00,6.521215041052428774e+00,5.237364612280108389e+01
1.560280480372656875e+00,-3.910907310283011640e+00,2.529464307959045399e+01
3.579030229086221482e+00,-3.007356829268800880e+00,4.807997984460058660e+00
3.594758431484395444e+00,8.755089175206826724e+00,7.227344681343828370e+01
-4.513117104553934666e+00,6.007864686588828107e+00,4.589654783207615196e+01
3.247479479376252698e+00,-6.397362186588253508e-01,-6.476282620265978451e-01
1.457124969919286528e+00,-6.621804425042412845e+00,5.378375749202991329e+01
7.537879811208805236e-01,5.887607788151392185e-01,7.190694121402426475e+00
-4.798311707152446814e+00,6.263722914195565039e+00,4.919733387555469051e+01
-4.656907760508834926e-01,-6.584835300947043280e+00,3.886965469119316197e+01
-1.357280844522985586e+00,4.654978992688988626e+00,1.189590906634107625e+01
-2.286813789170549782e+00,-2.567804103562140838e+00,-9.506399299784229484e-01
8.029471562149659292e-02,-7.300493425649595025e+00,5.409928889324010015e+01
1.448365909572052246e+00,7.745626400706502324e+00,6.991987587239020741e+01
3.866354971167405452e+00,7.716107765499927496e+00,5.290874386102805715e+01
3.179748473533962283e+00,6.850471104119755239e+00,4.654748872517166802e+01
3.098139279336383112e+00,1.491343304478750298e+00,2.658501859797595124e+00
-1.030908888011514701e+00,-6.726439200205634350e+00,3.666731883703467787e+01
4.582829920094411591e+00,8.955210300088438657e-01,-9.114231666417314415e+00
3.360809149486458480e+00,-9.466775567117775125e+00,8.744519027297945968e+01
2.481883448768483547e+00,-3.969973512606799204e+00,2.188956069201362808e+01
-3.733798288253463937e+00,-2.001160951323008419e+00,9.586569350033052217e+00
-3.383409050333828993e+00,-7.562845027200870263e+00,5.959129059011840468e+01
-4.024613605075088252e+00,-3.595721517043076076e+00,2.065581484543561430e+01
3.088588109028462370e+00,-1.422833654101896883e+00,2.554252895553330571e+00
-3.231316545056113210e+00,9.898014297891190694e+00,9.886672258852635764e+01
2.742968097899673552e+00,-8.378279340972019540e+00,7.407707577780792008e+01
1.460018746136811707e+00,-1.574368184037204799e+00,1.241733953884093644e+01
4.919604668859903995e+00,1.692430827372675139e+00,-6.921753296952543266e+00
2.193482701288034242e+00,-8.290653694194693557e+00,7.685808511492345474e+01
4.195774186066440592e+00,-9.367004502548258671e+00,7.904581089578282160e+01
3.196838075991527361e+00,-1.647652430303237381e+00,2.162585284454422663e+00
-3.740858011900635383e+00,6.945878179130122732e-01,6.122812188103146092e+00
4.635166669598616451e+00,2.600320121184660493e+00,-3.208533654989606632e+00
4.299183347937841404e+00,7.887409015223674658e+00,5.305283779532670252e+01
-6.867113456357154533e-01,-9.325630407718136894e+00,8.062740867065501504e+01
-1.489171358124798061e+00,-2.568242823140447939e+00,-3.370834115858309943e+00
-3.360407941856426994e+00,5.871366229666277192e+00,3.664367453331905722e+01
6.376353674831580776e-01,-2.742258063250857525e+00,1.347295040361160900e+01
-4.744197951413122283e+00,-9.252824350072362591e+00,9.560969982665520206e+01
-4.671695946853855475e-01,3.830291580700105669e+00,1.016752384269810427e+01
-2.488956777952775479e+00,-5.320778254696946874e+00,2.223785444737848849e+01
9.279668835337826494e-01,2.560915060316954595e+00,1.456231413450992207e+01
1.351758756564619190e+00,7.681444804021790418e+00,6.876566455734656813e+01
-1.673956405889569510e+00,-6.306365466499832095e+00,2.982340823497318283e+01
1.510117175281145308e+00,9.969307159568941756e+00,1.093686810926743789e+02
3.105831724158473861e+00,-1.997977443641383744e+00,4.349446943398754151e+00
-4.688019159214080744e+00,-3.880604803101843636e+00,2.505612434389441034e+01
2.779055355516987014e+00,-7.628691016006657222e+00,6.174340407754992555e+01
4.501210110272349851e+00,2.303206510656927719e-01,-9.724797278030946401e+00
-1.893877094748317447e-01,9.636715901337243650e+00,9.098371748584945351e+01
2.281644050121512279e+00,-1.891440283115272791e+00,1.115563663330423161e+01
-4.991949063780364071e+00,-5.623771190137418330e+00,4.123857158652412380e+01
1.779600602486669736e+00,-4.551608588225870555e+00,3.049993550102433204e+01
4.995053041314935882e+00,-6.579977058111722954e+00,3.369294008041449473e+01
-2.200116998563466097e-01,5.538771552579778046e+00,2.849557990240801786e+01
3.500090386650253294e+00,-2.660738157420747818e+00,3.570848847958045802e+00
-2.837840484682080167e+00,-5.071400187577941310e+00,2.272807284413693907e+01
-2.968579371443498260e+00,-9.528470269410780347e+00,8.907023146026256200e+01
2.152964523050292733e+00,6.399356052499342695e+00,4.930448249928495841e+01
-4.663986295188172981e+00,-8.915733020290680599e+00,8.947858347625400199e+01
-1.087108956830327156e+00,4.871884813520328095e+00,1.488240017739126664e+01
-3.194474460479983513e+00,4.259439745025073165e-01,7.099999007670697582e-01
2.902561446281443303e+00,6.379063894088996989e+00,4.306007106381171212e+01
2.303264016059466179e+00,9.184339150266968232e+00,9.178735070823533704e+01
-3.054299922553772362e+00,6.280370780375289286e+00,3.857123802704613524e+01
-2.615220265702170366e+00,-3.780027242699908641e+00,9.264605031623510456e+00
9.155033458146952796e-01,-8.591458696905966974e-01,8.666825845358783198e+00
1.287945795731188170e+00,-9.567717108508997370e+00,1.011438484132383451e+02
1.097260938385708151e+00,3.643970432113256663e+00,2.217813641780918843e+01
-4.208283216250317871e+00,-6.639428442287034215e-01,9.196887724539696052e+00
3.267295400821424778e+00,-8.955373806690676730e+00,7.894500035049968290e+01
4.636652628184839031e+00,-4.578766694653331193e+00,1.099377071289387331e+01
-3.377406504807237475e+00,-5.176865318531442384e+00,2.913627842914869603e+01
2.158603978410724267e+00,-9.198359891564894752e+00,9.293140887875365763e+01
8.136475607715745184e-01,3.638034821648030714e+00,2.050327074375455183e+01
-2.210054784718185950e+00,4.910537568204453862e-01,-7.784250036526864314e+00
-3.051844193488464363e+00,7.362298849386302635e+00,5.330716410259789484e+01
-1.575669415666545170e+00,8.237205708385570091e+00,5.785167661700061359e+01
3.302695467517974492e+00,-2.773460730814703012e+00,6.088016050264513090e+00
4.329970368112540768e+00,-7.691695231791124243e+00,4.988452746420617956e+01
2.091589978287737850e+00,-1.534240541196314922e+00,1.102813960568795970e+01
-4.152997046844881801e+00,2.743823013707247682e+00,1.600434423925447192e+01
-9.555858385714754988e-01,5.126932562193164955e-01,-7.903665483364064492e+00
4.412060506178487884e-01,5.623475052028945598e+00,3.589377497406280781e+01
1.658985698127064978e+00,-2.517192969072663544e-01,1.002450097491016834e+01
-4.916202543085312904e+00,9.179267836871357389e+00,9.405197617156957790e+01
3.089345013172479781e+00,9.408972034980887855e+00,8.905099348093362721e+01
-2.804459862707720852e+00,8.840722512887079887e+00,7.485054804694489405e+01
-4.584465489938470917e+00,-7.247777410401379683e+00,6.244856681376342067e+01
6.823880066422667312e-01,4.561137218467063548e+00,2.711045350770369566e+01
-3.778017138470159964e+00,5.939640335993637166e+00,4.122256456698364957e+01
1.704092910845870890e+00,-4.644911450668550046e+00,3.148649395219077363e+01
-4.986839211277925621e+00,-3.714097905578130465e+00,2.342026665515064821e+01
1.097878015101869664e+00,1.836594498668645770e+00,1.227550765445889880e+01
3.852603914585031930e+00,6.344515910255989155e+00,3.372687874171332112e+01
9.911160673432366508e-01,-8.843684980822700936e+00,8.657714236631687754e+01
-4.945388393619544409e+00,6.832363764681623763e-01,1.019659412060543957e+01
3.802909207945489811e+00,-8.347526659850137420e+00,6.353963745666916907e+01
2.026743765404193987e+00,6.981974248954642803e+00,5.772640702826548420e+01
-3.590929406950584823e+00,2.245848599918879529e+00,9.387518133465361458e+00
6.019603537240145741e-01,-1.856525938653870611e+00,9.109281932380389080e+00
2.936885940109529969e+00,-7.450550921071046773e+00,5.754350908512280682e+01
-1.193978688301133850e+00,-7.689005258550903221e+00,4.982239852481146158e+01
-3.193456279065307601e+00,-5.755025363363586166e-01,8.496069476387484443e-01
2.344633756235988464e+00,3.656249766025643666e+00,2.052050255542665269e+01
3.999045598505325927e+00,3.545610597746930992e+00,5.009571388105754863e+00
-7.233663635111451384e-01,-3.400107069284636907e-01,-6.503510542798371930e+00
-2.878211987112914372e+00,4.626044313984214895e+00,1.879682480696168412e+01
4.799201527891234775e+00,-9.241471650623262590e+00,7.544245670157303607e+01
4.934831311552166255e+00,2.368001454578170240e+00,-4.146184613582494016e+00
-8.493499763945111525e-01,-2.809674148265075999e+00,3.857564011596164022e-01
3.956626639772117926e+00,-2.146516067682178175e-01,-7.231413769987154794e+00
1.961832574683628039e+00,2.634230665501766211e+00,1.618431713804207916e+01
-3.814660995753360595e-02,1.105165087828826387e+00,8.400162809957316679e-01
-4.706905536622912223e+00,-2.516153777132153380e+00,1.633087948977566484e+01
-9.968388620891763807e-01,-9.564038486492247415e+00,8.307324403879553643e+01
2.643927680187559304e+00,-1.286413800927526552e+00,6.428611015671378937e+00
4.156203030363217366e+00,4.871282258811888255e+00,1.523664170186246736e+01
3.361227518895839594e+00,-4.281509471354747021e+00,1.615259060805296087e+01
-4.143406325097028997e+00,-6.588117379652997485e+00,5.182778592007925766e+01
2.422658891117368540e-02,1.726090911636017466e+00,3.221632026283099748e+00
-1.910233232876477949e+00,-9.038318471796012332e+00,7.226177779150873448e+01
-4.628536543651859958e-01,-6.473715442350842508e+00,3.744395842846790146e+01
4.262925679159803138e+00,-9.983110579599099310e-01,-8.010179212814415806e+00
4.230809203225900816e+00,-2.173432161111490402e+00,-4.138835721588680627e+00
-3.380140481820737008e-01,-8.226138332682726428e+00,6.435321016450662057e+01
1.083337374807803677e+00,-2.816888607869927341e+00,1.677012034638849514e+01
-1.693259039172059222e+00,5.756294759112778436e+00,2.320982126628602060e+01
-4.107089873527542068e+00,8.437804107083380245e+00,7.941985755156599680e+01
-1.010615030022049332e+00,-7.638817004563849267e+00,4.987993728174912889e+01
-1.908366232829076026e+00,5.899989090521700064e+00,2.537424840776404267e+01
-3.855065908684625064e+00,-1.935781505503888056e+00,1.029188821985588120e+01
-2.928456275036890322e+00,-7.110015832740224084e-01,-1.609740195645713579e+00
-4.203605857526630629e+00,5.389117421842016142e+00,3.777596571696621197e+01
-1.150355043526868570e+00,-7.709976998741296939e-01,-8.534651682284049912e+00
-3.979326224518647592e+00,-5.725100493138663538e+00,4.020806017263605270e+01
5.605803418667330007e-01,-5.465512828686167168e+00,3.518860854108442027e+01
2.695571270353438464e+00,-9.969280464321489177e+00,1.037003486464149944e+02
-1.029421600641757806e-01,-9.932648997207396135e+00,9.762991168324391822e+01
1.659255883534407339e+00,8.495592348477774891e+00,8.213598939233550311e+01
4.926966060615065146e+00,8.096684323405266781e+00,5.578563167609810591e+01
2.626263778954093908e+00,5.162788568182442361e+00,3.158259619572556787e+01
3.861719303361514477e+00,-9.326155905196134910e+00,8.038238514095598930e+01
-5.482150742791533915e-01,2.290184258000362405e+00,3.329689397711899090e-02
-2.829981492995722547e+00,1.426076378377485909e+00,-1.032232184618184778e+00
1.007161175612615089e+00,-9.209135134638424702e+00,9.326135567988239927e+01
-3.346154993293358970e+00,2.963904771938141280e+00,1.081611794013222116e+01
4.577376101558893851e+00,-3.073115602970391436e+00,-4.649564683519393782e-01
2.403527519784827149e+00,6.023214356089066968e+00,4.300768930441173410e+01
3.971495644326166641e+00,-1.181579087991160293e+00,-5.982529843194780206e+00
-4.204171407026212393e+00,1.347505352136497692e+00,1.055190328345482342e+01
-3.245371155691446852e+00,-6.108300009311669498e+00,3.834725220742210894e+01
-4.003615143218505423e+00,-9.844728402892606312e+00,1.045102829271702376e+02
-1.562357023048659421e+00,-9.675744630710195082e+00,8.362039026584221801e+01
-6.605789743719592266e-01,-9.583542847360256189e+00,8.570855216276881094e+01
-1.906193092987376048e-01,-2.383306115048373641e-01,-1.837868750359575865e+00
6.284649643421342802e-01,6.678682666045581584e+00,5.048383928654444475e+01
-4.222417873158592627e+00,2.647781362462289678e+00,1.583421070269482911e+01
-4.651250345184704926e+00,6.849830951576716842e+00,5.690150022260788631e+01
3.791283539282824577e+00,6.179695470978753491e+00,3.213923315468532138e+01
4.841785626787570962e+00,8.832331756440197523e+00,6.809368497127786668e+01
-4.492621276194372015e+00,2.345225581723326513e+00,1.525956419743722847e+01
-1.728823335191718158e-01,6.292997197600488590e+00,3.788158946527588711e+01
1.256524245405219453e+00,9.140210144097693501e+00,9.305365795998875456e+01
6.434713776769545035e-01,-4.216477050229505252e+00,2.377844086352968844e+01
-4.459002626326693530e+00,-2.361667703570335952e+00,1.525816504674359031e+01
-1.022996175631885052e-01,5.263851741086149616e+00,2.668692235500981624e+01
3.448291873870232394e+00,-7.966909532382649317e+00,6.045251212726999057e+01
-2.878718696078657047e-01,-8.333959618519612533e+00,6.661575981111832334e+01
-2.985367212518392765e+00,4.444374228035549379e+00,1.819655494902450954e+01
2.567194141576654154e+00,2.734892714468287522e+00,1.291293744214285688e+01
4.333493693671798042e+00,-9.054869137891168762e+00,7.269991680836339754e+01
3.693022608505874160e+00,8.353658939600435929e+00,6.454456002157793648e+01
2.545026898595553533e+00,-4.486338335701156588e+00,2.574527910786812157e+01
-2.873175274048913597e+00,-1.489852189713261055e-01,-2.629861602004903709e+00
-2.845510424410039541e+00,-6.227952307499567297e+00,3.586963835589880745e+01
2.466536950452370647e+00,3.589099619765057980e+00,1.913104411644553338e+01
3.960435957257095296e+00,-4.812609041171034718e+00,1.585764360298726849e+01
4.775957212651299244e+00,1.325716325402792606e+00,-8.222278426641496551e+00
1.885523984401649145e+00,8.204749425478130576e-01,1.018198632946671900e+01
2.333804769053160477e+00,-5.910069941848361097e+00,4.215652825089987488e+01
-3.404300122252234218e+00,8.637029371495245300e+00,7.719523713434848844e+01
1.169731789805137367e-01,9.911883142121407531e+00,9.941249351757198838e+01
-3.172125806848097085e+00,4.653869708635149038e+00,2.196378735766614199e+01
-1.713562206296226353e+00,-1.073098018442697921e+00,-8.746723139277889914e+00
-2.671136556219222413e+00,1.540542562268996107e+00,-2.159657415948762260e+00
4.208617112203555166e+00,8.593706661903453892e+00,6.509411425512026028e+01
1.743539271090922327e+00,-1.370911764569566316e+00,1.173056908714508317e+01
2.340835577490228303e+00,9.877619799468607908e+00,1.047462063555120295e+02
-2.544949388254412526e+00,-7.994023664097853477e+00,5.828572569385274704e+01
2.844270583522719775e+00,-8.876613606219091679e+00,8.172387737317552592e+01
-2.370389296967696513e+00,9.535926017181758141e+00,8.396389863564414213e+01
-4.618987802054881797e+00,4.687821156224416086e+00,3.193207999310003942e+01
1.147278345755936790e+00,-4.358166380989247912e+00,2.811010219891876361e+01
3.733272125371367878e+00,2.190822242374030893e+00,-7.778556926851729614e-01
-1.154298286923092220e+00,3.754782906559126943e+00,4.953281682267588693e+00
1.763030717006589754e+00,3.436050319425854482e+00,2.162223979437857224e+01
2.035343278819780721e+00,1.199324215064779153e+00,1.037862488196497068e+01
-3.022321527676674613e+00,9.190628450835571783e+00,8.327776589064738744e+01
-1.189917456092532966e+00,8.947640218161666326e+00,7.077688261538037295e+01
3.854027074686170451e-01,4.074087436946875584e+00,2.035751179324156723e+01
1.678315886015342429e+00,6.139745108894814507e+00,4.763872338772512194e+01
2.415704128453803889e+00,-1.441718833442724446e-01,6.658787945561900123e+00
2.697649588933229481e+00,-2.955910473358582813e+00,1.303244311581127945e+01
-1.472954638633752200e+00,-4.058348413747390637e+00,6.518018654988207317e+00
-2.872441139065796456e+00,6.840986491171904049e+00,4.413996022074114478e+01
2.377791419729390121e+00,1.636909520813762953e+00,9.596190103580820363e+00
4.096361039851512231e+00,4.997103674000857865e-01,-7.912088912989501566e+00
-2.571601293525466403e+00,-6.189903223811921151e+00,3.291865417272161665e+01
4.622437431923733797e-01,-2.966889621687287537e+00,1.326200902195431652e+01
-7.102289820081892913e-01,-3.108050369025825432e+00,3.139903044835609336e+00
1.357976523530690649e+00,2.299827637017678228e+00,1.506359927294761114e+01
3.689395268182240173e+00,-5.799630879353665946e+00,2.842759190079216225e+01
1.954318960198970778e+00,8.219954854264585720e+00,7.684118040189035526e+01
-2.224802279144809880e+00,-6.319212497478807755e+00,3.199591589330421826e+01
-1.293570677812401204e+00,4.523399258643312493e+00,1.084295639038296777e+01
-5.099159920916154221e-01,1.016348647175819409e+00,-3.848074704581267991e+00
1.750993604867935538e+00,8.931056421240242571e+00,8.960185234971815760e+01
1.605242657444163612e+00,-2.628406981857813740e+00,1.690259110040478063e+01
6.628825022968429792e-01,-2.234744094142429027e+00,1.114799572735388722e+01
-1.167533066986399248e+00,5.891350929653622615e+00,2.551016258722486896e+01
1.017857293384425432e-01,-5.174110017477815404e+00,2.778751511952924247e+01
2.182382335404133400e+00,6.029610469827659358e+00,4.454358656407600847e+01
-2.711719021997168966e+00,-4.818998911891110737e+00,1.905519116733899665e+01
2.874382537101523916e+00,-8.990591084886524698e+00,8.347114399163385201e+01
4.395411407328346343e+00,2.310112604135529324e+00,-4.165198110445575530e+00
-2.123355435269932201e+00,9.273598720287854036e+00,7.748779203895732337e+01
2.756756116305830062e+00,-2.343725869995544997e+00,9.247127301103086339e+00
-6.335657369978795472e-01,-2.899013404853141296e+00,2.484056520641282795e+00
1.124569093472746140e+00,-7.610756570961500600e+00,6.694443271806005669e+01
-4.487856391195208516e-01,-3.682955813142578805e+00,9.225446062279111459e+00
2.549237672505380026e+00,-4.973386002201493739e+00,3.031773160604375761e+01
2.858783819870538423e-01,-9.496320355768512300e+00,9.300010322170398069e+01
-3.742304579684052612e-02,-1.379550201728061865e+00,1.529015645653438948e+00
4.247952223711823905e+00,-3.285860521619079933e+00,1.856139417888000409e+00
-4.013192502153891894e+00,7.345984100243928339e+00,6.161707823359138558e+01
-2.230257694322812512e-02,6.553439135607888488e+00,4.272455722324481542e+01
4.808719532710320266e+00,-2.989010336488227004e+00,-1.019455200095871206e+00
3.749431038127948312e+00,-3.832779599262767789e+00,8.979255863852651842e+00
-1.237015496678304238e+00,-1.414011282363105693e+00,-7.448676424648878580e+00
2.634190167295446194e+00,1.689237142019113236e+00,7.712608489257647193e+00
-1.650095956661891350e+00,-2.926794997417776045e+00,-1.402445359971750349e+00
-2.502999207469169818e+00,-9.912515534609717349e+00,9.229729762297174034e+01
2.943259828639637199e+00,4.681322373450687024e+00,2.388513029325290660e+01
-4.157949541077430311e-01,-5.673036831794087576e+00,2.814417411100526323e+01
3.978198166650804168e+00,-7.058488529078390528e+00,4.239852891122288980e+01
-1.960202927708168730e+00,-2.006739747975423427e-01,-9.211074960456578253e+00
1.482532208154811570e+00,-6.380363038983176693e-01,1.036816283397182836e+01
4.921519459985667311e+00,-3.781569744213264528e-01,-9.639115353784500684e+00
-1.507722454212148122e+00,2.102156717919577034e+00,-5.561052159992191157e+00
2.985266307047593770e+00,-2.889876351554956813e+00,9.908289415197351957e+00
4.762103256388897421e+00,-5.133286012881043803e+00,1.636298029129381248e+01
2.839455180116733146e+00,-7.743021730014831405e+00,6.293000087572916357e+01
-4.019604379598451516e+00,-8.412680082553851690e-01,8.402437114016212405e+00
3.541639658174835503e-01,-6.977569664069567246e+00,5.215454181031038416e+01
2.410696779208183926e+00,-6.985446927187237698e+00,5.547183827214517748e+01
1.889737301215372867e-01,5.080928515733329931e+00,2.769434452529689139e+01
9.966115991303752253e-01,1.712795672464515917e+00,1.133002298500239746e+01
-2.454699438532983446e+00,1.231133552751925819e+00,-4.825690361366497427e+00
-1.464676546924516209e+00,4.464630626976923367e+00,9.989180852194444071e+00
-4.657642198085437002e+00,8.590160381554667879e+00,8.377587307262555782e+01
-2.614477471927802998e+00,-4.566443857870485346e+00,1.582198751277747917e+01
2.503554736444777440e+00,7.615618918297084150e+00,6.395385665378098849e+01
2.629339076219869398e+00,3.529868689473865118e+00,1.736140099352457611e+01
-4.595048401855668097e+00,9.800938130921913682e+00,1.059896231448024082e+02
4.450764498097353083e+00,5.606343137275615618e+00,2.177137256896122608e+01
-3.710367602247007568e+00,-9.399226625279322178e-01,6.269457332986241305e+00
-4.310447082609401903e+00,-5.150597594754309227e+00,3.573168605529713915e+01
1.422034804567853250e+00,8.701244357745888891e+00,8.560120732712810820e+01
2.091445852593380117e+00,1.060578055032287637e+00,9.799788412542621785e+00
-1.253065519703379316e+00,-3.934071970297576826e-01,-9.344698634931965842e+00
-3.392604884921357478e+00,3.730381896869667813e+00,1.639959505500575432e+01
1.975028784678045213e+00,8.265904832196326879e+00,7.751922821890950388e+01
6.472878309537311026e-01,-5.235196617055843937e+00,3.343753430637540447e+01
2.092099379716128027e-01,-3.099533712292874554e+00,1.168398053142054849e+01
-4.094417449968972278e-01,-4.210150968898769719e+00,1.374439839481723524e+01
-4.706231850043219644e+00,7.099697240750522553e+00,6.040551135964919638e+01
-4.725520613480385990e+00,6.037582419034059455e+00,4.645153928008007682e+01
-4.267719534824579775e+00,4.142651781207904449e+00,2.618909283879126804e+01
1.229192459813072347e+00,9.671787564680130345e+00,1.029656605388608739e+02
-2.319073046606495936e+00,8.523133285515093860e+00,6.531517663848286759e+01
4.858276448493612065e+00,-5.040366715027982281e+00,1.551152378397542897e+01
4.684077127603588409e+00,8.170442735067634743e+00,5.676014202435779055e+01
4.242840864822747804e+00,4.426262305767945548e+00,1.067406950522198450e+01
5.710474267513117042e-01,7.581104380240368812e-01,5.979867257842777839e+00
4.535592707569296778e+00,9.275176364346116031e-01,-8.983833081119524167e+00
-2.031884909884237089e+00,-9.832677167653613992e-02,-8.946018768994122183e+00
-1.237179278903506319e+00,3.452588648879919120e+00,2.471727594519222748e+00
-2.507967912095279139e+00,-6.575987194033316996e-01,-5.488261644817378659e+00
3.285464224427251168e+00,-9.495556526410094733e+00,8.873183623993013214e+01
-1.640771829908102220e+00,-9.775597511690515162e+00,8.558677957720999530e+01
-3.910023362665016045e+00,2.656477438075539155e+00,1.400695009114683387e+01
-3.921941865783811210e+00,9.268976062418147421e+00,9.294919360557626931e+01
-4.602245423530632706e+00,-1.741875721492201379e+00,1.297353431199629625e+01
4.132501707036677630e+00,7.171146269770023451e+00,4.306009460739582551e+01
1.263073993284073104e+00,-2.801829447729698330e+00,1.738050746294803517e+01
1.444404544129652912e+00,3.166736419479391884e+00,1.994845141225796326e+01
2.863896148427715893e+00,1.550968579064399222e+00,5.146914844218327900e+00
-4.173584846598151543e+00,-9.186698516272786108e+00,9.297865868664877098e+01
-4.864085253256874353e+00,-1.067216630856409054e+00,1.102411301409305011e+01
4.548647351615555223e+00,-4.948755313063591288e+00,1.462393650153512148e+01
-3.787763931889251978e+00,3.348018014693510125e+00,1.723056456797509384e+01
-1.999870370226991767e+00,7.288500732773673718e+00,4.402872928958608867e+01
-1.752005123079660720e-01,8.497900543314745647e+00,7.047125780523626304e+01
2.102645116216602439e+00,7.487311009860981414e+00,6.467853587645701907e+01
2.397601673181322113e+00,8.975934639961295147e+00,8.733970013443803282e+01
-4.226381695163764718e+00,1.368146926285973564e-02,8.842236138517492350e+00
-2.210764533039011326e+00,2.984575374912239454e+00,8.865427228828206552e-01
-4.516456476906372863e+00,-4.674218381747925477e+00,3.165698303093732235e+01
3.005215295174549439e+00,-2.589378741668923567e+00,8.064432359770041359e+00
-4.580423609642140015e+00,9.922905579720726621e-01,1.089769254828122058e+01
8.234104428652244678e-02,4.819438448817221499e+00,2.404946725985103484e+01
-4.359920892281622606e+00,-7.137438832494968466e+00,6.032826859394469921e+01
3.084874314421636399e+00,-5.469143216983032296e+00,3.047840686647128550e+01
-4.033193041007068658e+00,-9.757438774665702752e+00,1.029883919918605102e+02
2.577474801026559348e+00,6.869212790236897348e+00,5.253278991868223358e+01
3.218531333810377149e+00,-4.506969488189682238e+00,1.954414601258570272e+01
7.616278776515850168e-01,7.040191457815634379e+00,5.646530052386614074e+01
-2.017285962361982321e+00,-1.325412761345752699e+00,-7.262965400181125020e+00
1.572374737769445474e+00,-9.362002112027374423e+00,9.764707108870157981e+01
-2.788632476400953131e+00,-7.336167264629760432e+00,5.036258002737217510e+01
-4.059184263813161664e+00,7.580492034845150329e+00,6.540526212030846409e+01
3.793663952385069038e+00,5.672272642233565421e+00,2.610633659021991093e+01
3.134099207443266977e+00,-8.060312291116831673e+00,6.504356799051296889e+01
-7.695925458557013599e-01,7.563632949503894309e+00,5.025011674310011500e+01
-1.566526669466395738e+00,-6.269004730985590079e+00,2.930051146684975194e+01
-1.203219867338156668e+00,-1.801557803781424383e+00,-6.086399443382513041e+00
-3.494648077448658796e+00,-5.395163729491052607e+00,3.256545551010711392e+01
-1.893196982921531379e+00,-3.894708323300122288e+00,5.683977749831653270e+00
9.974306100047058976e-01,3.103828220468889398e+00,1.803454923618853911e+01
4.081372411844286674e+00,1.845005366431816896e+00,-4.670237046599536868e+00
-2.328072208924623965e+00,9.405256162576382195e+00,8.119174326164923627e+01
-7.919468670691465206e-01,-2.880268376039277101e+00,1.178723732049234307e+00
3.004416036572008508e-01,6.829352912478338311e+00,4.959948178237461036e+01
3.629259334410026128e+00,2.836614541179427462e+00,3.360723607978458816e+00
2.198836614764264397e+00,-7.540043498780621967e+00,6.494406106390754019e+01
-2.541434178296867685e+00,-1.583454623869503308e+00,-3.140404070221180177e+00
-3.949063787609222942e+00,6.808895840060202431e+00,5.358647467210704463e+01
4.584872132140475287e+00,-6.223471160987372741e-01,-9.531491443363043103e+00
1.077084808775552460e-03,7.612750005705514411e+00,5.796473349537450304e+01
-4.957164605393692192e+00,6.575660447006292486e+00,5.294122755557305737e+01
4.044636091952146018e+00,-2.649768226208440325e+00,-8.308794528180385441e-01
-4.994489245361307894e+00,-8.382849438858793079e+00,7.987689370443959547e+01
-1.128774271982396549e+00,3.842955553856546302e+00,5.729421976609742728e+00
-8.465781766260818131e-01,7.717353071635528750e+00,5.206736177755770711e+01
8.915004927441962934e-01,-3.828363284979145575e+00,2.243651844749053126e+01
-4.115530215968744798e+00,9.396011599334020303e+00,9.655608612565528404e+01
-2.538274806167585496e+00,1.175631198157303103e+00,-4.291668267845508922e+00
1.744516206109975265e+00,-3.193783571444650526e+00,2.004973961555387518e+01
-4.248486081303878059e+00,-3.269844743625682781e-03,8.943140618487831262e+00
-9.533840206267738537e-01,-5.114640857524723749e+00,1.800575838988960342e+01
-4.158989421165760980e+00,-3.539941312348737767e-02,8.508680048299080312e+00
-3.002010184829813078e+00,-4.051092041524668730e+00,1.502005016510426039e+01
9.105160905348679279e-01,-4.167322612801389603e+00,2.526478158822659026e+01
-4.457930539557888316e+00,-4.118055877030313283e+00,2.663638180230022812e+01
3.711554174576754406e-01,3.244297374295641134e+00,1.415238962926445510e+01
4.618903936828875345e-01,3.249485538489121694e+00,1.501556831178853813e+01
-3.141331123338386710e+00,-2.776601100693298463e+00,7.706898369886984845e+00
6.337529346948489462e-01,5.693468048485080146e+00,3.833730918300824442e+01
-3.856486835750692954e+00,1.497510832462499053e+00,8.797913800258276851e+00
-1.193525355661547493e+00,-1.473959482600488258e+00,-7.124177731949524528e+00
-2.978125553465380548e+00,7.728939678515249767e-01,-1.030035494757926884e+00
7.270876943934032610e-01,6.311823311440669215e+00,4.648607985932783038e+01
-4.239733953878397799e+00,7.863686072260072990e+00,7.074118586417223753e+01
-4.357971454906017783e-01,9.758878338293570209e+00,9.101437467397381909e+01
4.082886288679647535e+00,-9.585989597413872687e+00,8.380799261216445473e+01
4.823272508849349549e+00,-4.054264191477525259e+00,6.498470956662124820e+00
3.712820655210132159e+00,8.494248703770118425e+00,6.674560606793511397e+01
-2.436833807114542338e-01,4.636209287640284060e+00,1.908164842471206057e+01
2.879598005765464208e+00,-8.845770030758275837e+00,8.083772390574682731e+01
1.203774220000450867e-01,-1.083021860185397145e+00,2.373805415386288864e+00
